TERM,TEXT,SUBSTITUTION,CONTEXT
NONE,,,
,,,
# Platform Term,[PLATFORM],,Tag. Should not be translated.
,,,
# Keywords,,,
TEXT_LOADING,Yukleniyor,,
TEXT_ERROR,Hata,,
TEXT_WARNING,Uyari,,
TEXT_SORRY,Uzgunuz,,
TEXT_UPDATE,Guncelleme,,
TEXT_ATTENTION,Dikkat,,
TEXT_SAVE,Kaydet,,
TEXT_QUIT,Cik,,
TEXT_QUIT_DESC,Cikmak istedigine emin misin?,,
TEXT_QUIT_TO_DESKTOP,Masaustune Cik,,
TEXT_OFF,Kapali,,
TEXT_ON,Acik,,
TEXT_LAPTOP,Dizustu,,Quality setting.
TEXT_LOW,Dusuk,,Quality setting.
TEXT_MEDIUM,Orta,,Quality setting.
TEXT_HIGH,Yuksek,,Quality setting.
TEXT_ULTRA,Cok Yuksek,,Quality setting.
,,,
# Buttons,,,
BUTTON_APPLY,Uygula,,
BUTTON_BACK,Geri,,
BUTTON_DEFAULT,Varsayılan,,
BUTTON_OK,TAMAM,,
BUTTON_CANCEL,Iptal,,
BUTTON_YES,Evet,,
BUTTON_NO,Hayir,,
BUTTON_RESET,Sifirla,,
BUTTON_REMOVE,Kaldir,,
BUTTON_START,Baslat,,
,,,
# Text Screen,,,
TEXT_SCREEN_LABEL_LOADING,Yukleniyor,TEXT_LOADING,
TEXT_SCREEN_LABEL_LOADING_TIP_1,Araclar, her kullanimda bir miktar eskirler.,,
TEXT_SCREEN_LABEL_LOADING_TIP_2,Mizrak, balik tutmak icin oldukca iyidir.,,
TEXT_SCREEN_LABEL_LOADING_TIP_3,Capalar, salinin yuzerek uzaklasmasini onler.,,
TEXT_SCREEN_LABEL_LOADING_TIP_4,Aloe Vera gunes seni gunesten korur.,,
TEXT_SCREEN_LABEL_LOADING_TIP_5,Avlanma becerisi, saldirilarini daha olumcul hale getirir.,,
TEXT_SCREEN_LABEL_LOADING_TIP_6,Ascilik becerisi, pismis yemeklerden daha iyi beslenmeni saglar.,,
TEXT_SCREEN_LABEL_LOADING_TIP_7,Yemek piserken yaninda durdugun surece pisirme becerin surekli artar.,,
TEXT_SCREEN_LABEL_LOADING_TIP_8,Toplama becerisi, toplama islerindeki verimini artirir.,,
TEXT_SCREEN_LABEL_LOADING_TIP_9,Fiziksel beceri sagligini artirir. ,,
TEXT_SCREEN_LABEL_LOADING_TIP_10,Yuzmek ve insaat isleri yapmak fiziksel becerini artirir.,,
TEXT_SCREEN_LABEL_LOADING_TIP_11,Ustalik becerisi, uretebilecegin yeni urunlerin ve yapilarin kilidini acar.,,
TEXT_SCREEN_LABEL_LOADING_TIP_12,Urunler uretmek ustalik becerini artirir.,,
TEXT_SCREEN_LABEL_LOADING_TIP_13,Hic ac ve susuz degilsen sagligin iyilesir.,,
TEXT_SCREEN_LABEL_LOADING_TIP_14,Oyunu yalnizca Siginak veya Uyku Tulumu'nda kaydedebilirsin.,,
TEXT_SCREEN_LABEL_LOADING_TIP_15,Hindistan Cevizi icerek susuzlugunu giderebilirsin.,,
TEXT_SCREEN_LABEL_LOADING_TIP_16,Eger ikiye ayirirsan Hindistan Cevizi'ni yiyebilirsin.,,
TEXT_SCREEN_LABEL_LOADING_TIP_17,Kotu beslenmekten kacinmak icin bazi seyleri yemeyin.,,
TEXT_SCREEN_LABEL_LOADING_TIP_18,Denizdeyken firtinalardan kacin.,,
TEXT_SCREEN_LABEL_LOADING_TIP_19,Oyundaki seyleri yeniden isimlendirmek icin Etiketleyici'yi kullan.,,
TEXT_SCREEN_LABEL_LOADING_TIP_20,Bir Alet Kemeri uret.,,
TEXT_SCREEN_LABEL_LOADING_TIP_21,Balik Tuzaklari, yerlestirildikleri konum ve derinlige bagli olarak farkli baliklari yakalar.,,
TEXT_SCREEN_LABEL_LOADING_TIP_22,"Kol saatin, ilk ekranda ""UV"" bilgisi altinda gunes isiginin siddetini gosterir.",,
,,,
# Loading Progress Events,,,
LOADING_PROGRESS_TEXT_INITIALIZING,Initializing,,
LOADING_PROGRESS_TEXT_AUTHENTICATING,Kimlik Dogrulaniyor,,
LOADING_PROGRESS_TEXT_RETRIEVING_USER_INFO,Kullanici Bilgileri Aliniyor,,
LOADING_PROGRESS_TEXT_LOADING_WORLD,Dunya Yukleniyor,,
LOADING_PROGRESS_TEXT_CREATING_WORLD,Dunya Olusturuluyor,,
LOADING_PROGRESS_TEXT_LOADING_OBJECTS,Objeler Yukleniyor,,
LOADING_PROGRESS_TEXT_INITIALIZING_OBJECTS,Objeler Ayarlaniyor,,
LOADING_PROGRESS_TEXT_INITIALIZING_CRAFTING,Ustalik Ayarlaniyor,,
LOADING_PROGRESS_TEXT_LOADING_SCENE,Sahne Yukleniyor,,
LOADING_PROGRESS_TEXT_UNLOADING_ASSETS,Maddeler Cikartiliyor,,
LOADING_PROGRESS_TEXT_CLEANING_UP,Temizleniyor,,
LOADING_PROGRESS_TEXT_LOADING_STARTING_ZONE,Baslangic Noktasi Yukleniyor,,
LOADING_PROGRESS_TEXT_LOADING_CURRENT_ZONE,Mevcut Bolge Yukleniyor,,
,,,
# Boot Screen,,,
BOOT_SCREEN_LABEL_PRESS_CONTROL_DESC,[PLATFORM] Tusuna Basin,,eg: Press Enter
,,,
# Main Menu,,,
MAIN_MENU_BUTTON_PLAY,Oyna,,
MAIN_MENU_BUTTON_PLAY_DESC,Hayatta kalin!,,
MAIN_MENU_BUTTON_CONTINUE,Devam Et,,
MAIN_MENU_BUTTON_CONTINUE_DESC,Tek oyunculu oyuna devam edin.,,
MAIN_MENU_BUTTON_CONTINUE_COOP,(Birlikte) Devam Et,,
MAIN_MENU_BUTTON_CONTINUE_COOP_DESC,Bölunmus ekranli iki kisilik oyuna devam edin.,,
MAIN_MENU_BUTTON_NEW_GAME,Yeni Oyun,,
MAIN_MENU_BUTTON_NEW_GAME_DESC,Yeni bir hayatta kalma macerasina baslayin.,,
MAIN_MENU_BUTTON_CHANGE_SAVE_SLOT,Kaydetme Noktasini Degistir,,
MAIN_MENU_BUTTON_CARTOGRAPHER,Haritaci,,
MAIN_MENU_BUTTON_CARTOGRAPHER_DESC,Oynadiginiz dunyayi duzenleyin.,,
MAIN_MENU_BUTTON_LEADERBOARDS,Liderler Tablosu,,
MAIN_MENU_BUTTON_LEADERBOARDS_DESC,Becerilerinizi diger hayatta kalanlarla karsılastirin.,,
MAIN_MENU_BUTTON_OPTIONS,Ayarlar,,
MAIN_MENU_BUTTON_RESUME,Devam Et,,
MAIN_MENU_BUTTON_SAVE,Kaydet,TEXT_SAVE,
MAIN_MENU_BUTTON_QUIT,Cik,TEXT_QUIT,
MAIN_MENU_BUTTON_QUIT_TO_DESKTOP,Masaustune Cik,TEXT_QUIT_TO_DESKTOP,
MAIN_MENU_LABEL_USERNAME,Kullanici Adi,,
MAIN_MENU_LABEL_DAY,Gun,,
MAIN_MENU_LABEL_EXPERIMENTAL,Deneysel,,Used as a label to show that the build is an 'experimental' build.
MAIN_MENU_LABEL_SAVE_AT_SHELTER_DESC,Oyunu siginakta kaydedebilirsin!,,
MAIN_MENU_DB_ERROR_TITLE,Hata,TEXT_ERROR,
MAIN_MENU_DB_ERROR_LOAD_WORLD_DESC,Dunya yukleniyorken hata olustu. Daha fazla bilgi icin lutfen Haritaci menusune git,,
MAIN_MENU_DB_ERROR_INITIALIZE_DRM_DESC,{0} baslatilamadi.\nLutfen {0} calistigindan emin ol.,,
MAIN_MENU_DB_ERROR_AUTHENTICATE_DESC,Oyun kimligi dogrulanirken hata olustu.\nLutfen {0} calistigindan ve oyunu satin aldigin hesap ile giris yapildigindan emin ol.,,
MAIN_MENU_DB_BUTTON_VISIT,Ziyaret Et,,
MAIN_MENU_DB_BUTTON_CLOSE,Kapat,,
MAIN_MENU_DB_FILE_PERMISSIONS_DESC,"Oyun kaydetme denemesi basarisiz oldu!\n\nKullanici hesabin dosya yazmak icin yeterli izne sahip olmaybilir veya\n\""{0}\""""\nicindeki dosya / klasor salt okunur olarak isaretlenmis olabilir.\n\n Daha fazla bilgi icin lutfen Stranded Deep forumunu ziyaret et.""",,
MAIN_MENU_DB_WARNING_TITLE,Uyari,TEXT_WARNING,
MAIN_MENU_DB_WARNING_DESC_NO_CONTROLLERS_ASSIGNED,"Her oyuncu icin bir kontrolcu atanmadi.\nLutfen ayarlardaki ""Girdi"" menusunden tum oyuncular icin kontrolcu ata.",,
MAIN_MENU_DB_QUIT_TITLE,Cik,TEXT_QUIT,
MAIN_MENU_DB_QUIT_DESC,Cikmak istedigine emin misin?,TEXT_QUIT_DESC,
MAIN_MENU_DB_QUIT_TO_DESKTOP_TITLE,Masaustune Cik,TEXT_QUIT_TO_DESKTOP,
MAIN_MENU_DB_QUIT_TO_DESKTOP_DESC,Masaustune cikmak istedigine emin misin?,,
,,,
# Play Menu,,,
PLAY_MENU_LABEL_TITLE,Oyna,,
PLAY_MENU_BUTTON_BACK,Geri git,BUTTON_BACK,
,,,
# New Game Menu,,,
NEW_GAME_MENU_LABEL_TITLE,Yeni Oyun,,
NEW_GAME_MENU_BUTTON_WORLD,Dunya,,
NEW_GAME_MENU_BUTTON_MODE,Mod,,
NEW_GAME_MENU_BUTTON_DIFFICULTY,Zorluk,,
NEW_GAME_MENU_BUTTON_WILDLIFE,Vahsi Yasam,,
NEW_GAME_MENU_BUTTON_GENDER,Cinsiyet,,
NEW_GAME_MENU_BUTTON_PERMADEATH,Tek Olum Hakki,,
NEW_GAME_MENU_BUTTON_STARTING_CRATE,Baslangic Sandigi,,
NEW_GAME_MENU_BUTTON_START,Basla,,
NEW_GAME_MENU_BUTTON_BACK,Geri,BUTTON_BACK,
NEW_GAME_MENU_DB_WARNING_TITLE,Uyari,TEXT_WARNING,
NEW_GAME_MENU_DB_WARNING_DESC,"Birlikte oyun modu secildi ama her oyuncu icin bir kontrolcu atanmadi.\nLutfen ayarlardaki ""Girdi"" menusunden her oyuncu icin kontrolcu ata.",,
NEW_GAME_MENU_DB_WARNING_OVERWRITE_DESC,Yeni bir oyun baslatmak istediginizden emin misiniz?\nBu mevcut kayitli oyununuzun uzerine yazacak!,,
,,,
# Change Save Slot Menu,,,
CHANGE_SAVE_SLOT_MENU_LABEL_TITLE,Kaydetme Yuvasini Degistir,,
CHANGE_SAVE_SLOT_MENU_BUTTON_SLOT,Yuva,,
,,,
# Options Menu,,,
OPTIONS_MENU_LABEL_TITLE,Ayarlar,MAIN_MENU_BUTTON_OPTIONS,
OPTIONS_MENU_BUTTON_GENERAL,Genel,,
OPTIONS_MENU_BUTTON_GRAPHICS,Grafikler,,
OPTIONS_MENU_BUTTON_AUDIO,Ses,,
OPTIONS_MENU_BUTTON_INPUT,Girdi,,
OPTIONS_MENU_BUTTON_ABOUT,Hakkinda,,
OPTIONS_MENU_BUTTON_APPLY,Uygula,BUTTON_APPLY,
OPTIONS_MENU_BUTTON_BACK,Geri,BUTTON_BACK,
OPTIONS_MENU_DB_SAVE_CHANGES_TITLE,Kaydedilsin mi?,,
OPTIONS_MENU_DB_SAVE_CHANGES_DESC,Degisiklikleri kaydetmek istiyor musun?,,
OPTIONS_MENU_DB_SAVE_CHANGES_EXIT_DESC,Cikmadan once degisiklikleri kaydetmek ister misin?,,
,,,
# Option General Menu,,,
OPTIONS_GENERAL_MENU_LABEL_INTERFACE,Arayuz,,
OPTIONS_GENERAL_MENU_BUTTON_HUD_INFORMATION,Bilgi Ekrani,,
OPTIONS_GENERAL_MENU_BUTTON_CROSSHAIR,Nisangah,,
OPTIONS_GENERAL_MENU_BUTTON_ITEM_HIGHLIGHTING,Esyalari Vurgula,,
OPTIONS_GENERAL_MENU_BUTTON_TEMPERATURE_UNITS,Sicaklik Birimi,,
OPTIONS_GENERAL_MENU_LABEL_GAMEPLAY,Oynanis,,
OPTIONS_GENERAL_MENU_BUTTON_GAMEMODE,Oyun Modu,,
OPTIONS_GENERAL_MENU_BUTTON_TUTORIAL,Ogretici,,
OPTIONS_GENERAL_MENU_BUTTON_CAMERA_VIEW_MODE,Kamera Modu,,
OPTIONS_GENERAL_MENU_BUTTON_OCEAN_MOTION,Deniz Tutmasi Etkisi,,
OPTIONS_GENERAL_MENU_LABEL_LANGUAGE,Dil,,
OPTIONS_GENERAL_MENU_BUTTON_LANGUAGE,Oyun Dili,OPTIONS_GENERAL_MENU_LABEL_LANGUAGE,
OPTIONS_GENERAL_MENU_DB_LANGUAGE_TITLE,Uyari,TEXT_ATTENTION,
OPTIONS_GENERAL_MENU_DB_LANGUAGE_DESC,Dil degisIklikleri oyunu yeniden baslattiktan sonra etkili olacaktir.,,
,,,
# Options Graphics Menu,,,
OPTIONS_GRAPHICS_MENU_BUTTON_VIDEO,Video,,
OPTIONS_GRAPHICS_MENU_BUTTON_PRESET,On Ayar,,Refers to graphics presets, low, medium, high, ultra.
OPTIONS_GRAPHICS_MENU_BUTTON_RESOLUTION,Cozunurluk,,
OPTIONS_GRAPHICS_MENU_BUTTON_COLOR_PROFILE,Renk Profili,,
OPTIONS_GRAPHICS_MENU_BUTTON_FIXED_FRAME_RATE,Kare Hizini Sabitle,,
OPTIONS_GRAPHICS_MENU_BUTTON_VERTICAL_SYNC,Dikey Esitleme,,
OPTIONS_GRAPHICS_MENU_BUTTON_FULLSCREEN,Tam Ekran,,
OPTIONS_GRAPHICS_MENU_BUTTON_FIELD_OF_VIEW,Gorus Alani,,
OPTIONS_GRAPHICS_MENU_BUTTON_DRAW_DISTANCE,Cizim Uzakligi,,
OPTIONS_GRAPHICS_MENU_BUTTON_TEXTURES,Dokular,,
OPTIONS_GRAPHICS_MENU_BUTTON_SHADOWS,Golgeler,,
OPTIONS_GRAPHICS_MENU_BUTTON_BILLBOARD_DENSITY,Tabela Gorunurlugu,,Graphics term. A 'billboard' or 'impostor' is a low detail representation of an object, only seen from very far distances.
OPTIONS_GRAPHICS_MENU_LABEL_ENVIRONMENT,Cevre,,
OPTIONS_GRAPHICS_MENU_BUTTON_GRASS,Cimler,,
OPTIONS_GRAPHICS_MENU_BUTTON_VOLUMETRIC_CLOUDS,Hacimli Bulutlar,,
OPTIONS_GRAPHICS_MENU_BUTTON_VOLUMETRIC_CLOUDS_OCCLUSION,Hacimli Bulut Ortusmesi,,
OPTIONS_GRAPHICS_MENU_LABEL_WATER,Su,,
OPTIONS_GRAPHICS_MENU_BUTTON_WATER_QUALITY,Kalite,,
OPTIONS_GRAPHICS_MENU_BUTTON_REFLECTIONS,Yansimalar,,
OPTIONS_GRAPHICS_MENU_BUTTON_CAUSTICS,Deniz Isigi Kirilmasi,,
OPTIONS_GRAPHICS_MENU_LABEL_EFFECTS,Efektler,,
OPTIONS_GRAPHICS_MENU_BUTTON_ANTIALIASING,Kenar Yumusatma,,
OPTIONS_GRAPHICS_MENU_BUTTON_AMBIENT_OCCLUSION,Ortam Kapatma,,
OPTIONS_GRAPHICS_MENU_BUTTON_BLOOM,Parlama,,
OPTIONS_GRAPHICS_MENU_BUTTON_LENS_EFFECTS,Lens Efektleri,,
OPTIONS_GRAPHICS_MENU_BUTTON_MOTION_BLUR,Hareket Bulanikligi,,
,,,
# Options Audio Menu,,,
OPTIONS_AUDIO_MENU_LABEL_AUDIO,Ses,OPTIONS_MENU_BUTTON_AUDIO,
OPTIONS_AUDIO_MENU_BUTTON_MASTER_VOLUME,Ana Ses,,
OPTIONS_AUDIO_MENU_BUTTON_MUSIC_VOLUME,Muzik Sesi,,
OPTIONS_AUDIO_MENU_BUTTON_ENVIRONMENT_VOLUME,Cevre Sesleri,,
OPTIONS_AUDIO_MENU_BUTTON_EFFECTS_VOLUME,Efekt Sesleri,,
OPTIONS_AUDIO_MENU_BUTTON_VOICE_VOLUME,Konusma Sesleri,,
OPTIONS_AUDIO_MENU_BUTTON_UI_VOLUME,Arayuz Sesi,,
,,,
# Options About Menu,,,
OPTIONS_ABOUT_MENU_LABEL_COPYRIGHT,Telif Hakki,,
OPTIONS_ABOUT_MENU_LABEL_DISCLAIMER,Sorumluluk Reddi,,
OPTIONS_ABOUT_MENU_LABEL_CREDITS,Yapimcilar,,
,,,
# Input Menu,,,
OPTIONS_INPUT_MENU_LABEL_GENERAL,Genel,,
OPTIONS_INPUT_MENU_BUTTON_TOGGLE_RADIAL_MENUS,Dairesel Menuleri Acik Birak,,Hold the button to keep the menu open, or press to open menu and press again to close. 'Toggle' on is the press open/press close method.
OPTIONS_INPUT_MENU_BUTTON_CROUCH_TOGGLE,Comelmeyi Acik Birak,,
OPTIONS_INPUT_MENU_BUTTON_SPRINT_TOGGLE,Kosmayi Acik Birak,,
OPTIONS_INPUT_MENU_BUTTON_AUTO_WALK,Otomatik Yurume,,
OPTIONS_INPUT_MENU_LABEL_CAMERA,Kamera,,
OPTIONS_INPUT_MENU_BUTTON_SMOOTHNESS,Yumusatma,,Mouse smoothing.
OPTIONS_INPUT_MENU_BUTTON_SENSITIVITY,Hassasiyet,,Mouse sensitivity.
OPTIONS_INPUT_MENU_BUTTON_INVERT_Y,Dikey Ekseni Ters Cevir,,
OPTIONS_INPUT_MENU_LABEL_CONTROLLERS,Kontroller,,
OPTIONS_INPUT_MENU_BUTTON_KEYBOARD_MOUSE,Klavye ve Fare,,
OPTIONS_INPUT_MENU_LABEL_CONTROLLER_MAPPING,Kontrolcu Tus Ayarlari,,
OPTIONS_INPUT_MENU_CONTROLLER_MAPPING_LABEL_MOVE,Hareket Et,,
OPTIONS_INPUT_MENU_CONTROLLER_MAPPING_LABEL_SPRINT,Kos,INPUT_ACTION_SPRINT,
OPTIONS_INPUT_MENU_CONTROLLER_MAPPING_LABEL_LOOK,Etrafa Bak,,
OPTIONS_INPUT_MENU_CONTROLLER_MAPPING_LABEL_CROUCH,Comel,INPUT_ACTION_CROUCH,
OPTIONS_INPUT_MENU_CONTROLLER_MAPPING_LABEL_PRESS,(BASINCA),,
OPTIONS_INPUT_MENU_CONTROLLER_MAPPING_LABEL_HOTKEYS,Rakamlar (0-9),,
OPTIONS_INPUT_MENU_CONTROLLER_MAPPING_LABEL_PAUSE_MENU,Duraklama Menusu,,
OPTIONS_INPUT_MENU_CONTROLLER_MAPPING_LABEL_INVENTORY_MENU,Envanter Menusu,INPUT_ACTION_INVENTORY_MENU,
OPTIONS_INPUT_MENU_CONTROLLER_MAPPING_LABEL_CRAFTING_MENU,Uretim Menusu,INPUT_ACTION_CRAFTING_MENU,
OPTIONS_INPUT_MENU_CONTROLLER_MAPPING_LABEL_WATCH,Kol Saati,INPUT_ACTION_WATCH,
OPTIONS_INPUT_MENU_CONTROLLER_MAPPING_LABEL_DRAG_ITEM,Esyayi Surukle,INPUT_ACTION_DRAG_ITEM,
OPTIONS_INPUT_MENU_CONTROLLER_MAPPING_LABEL_USE_ITEM,Esyayi Kullan,INPUT_ACTION_USE_ITEM,
OPTIONS_INPUT_MENU_CONTROLLER_MAPPING_LABEL_SWITCH_ITEM,Esyalar Arasinda Gecis Yap,INPUT_ACTION_SWITCH_ITEM,
OPTIONS_INPUT_MENU_CONTROLLER_MAPPING_LABEL_PICKUP_ITEM,Esyayi Al,INPUT_ACTION_PICKUP_ITEM,
OPTIONS_INPUT_MENU_CONTROLLER_MAPPING_LABEL_DROP_ITEM,Esyayi Birak,INPUT_ACTION_DROP_ITEM,
OPTIONS_INPUT_MENU_CONTROLLER_MAPPING_LABEL_JUMP,Zipla,INPUT_ACTION_JUMP,
OPTIONS_INPUT_MENU_LABEL_CONTROL_MAPPING,Kontrol Ayarlama,,
OPTIONS_INPUT_MENU_INPUT_MAP_CATEGORY_LABEL_KEYBOARD,Klavye,,
OPTIONS_INPUT_MENU_INPUT_MAP_CATEGORY_LABEL_MOUSE,Fare,,
OPTIONS_INPUT_MENU_DB_ASSIGN_TITLE,Ata,,
OPTIONS_INPUT_MENU_DB_ASSIGN_DESC_BUTTON_OR_AXIS,Bir tusa bas veya kaydir,,
OPTIONS_INPUT_MENU_DB_ASSIGN_DESC_MOUSE_BUTTON_OR_AXIS,Bir fare tusuna bas veya kaydir,,Click/move button or thumb-stick.
OPTIONS_INPUT_MENU_DB_ASSIGN_DESC_ANY_KEY,Bir tusa bas...,,
OPTIONS_INPUT_MENU_DB_REASSIGN_TITLE,Tekrar Tus Ata,,
OPTIONS_INPUT_MENU_DB_REASSIGN_DESC,Tekrar bir tus atamak ya da varolan tus atamasini silmek istiyor musun?,,
OPTIONS_INPUT_MENU_DB_BUTTON_REASSIGN,Tekrar Ata,,
OPTIONS_INPUT_MENU_DB_BUTTON_REMOVE,Kaldir,BUTTON_REMOVE,
OPTIONS_INPUT_MENU_DB_BUTTON_CANCEL,Iptal,BUTTON_CANCEL,
OPTIONS_INPUT_MENU_DB_RESET_TITLE,Sifirla,,
OPTIONS_INPUT_MENU_DB_RESET_DESC,Varsayilan giris ayarlarini sifirlamak istedigine emin misin?,,
OPTIONS_INPUT_MENU_DB_CONFLICT_TITLE,Cakismalar,,
OPTIONS_INPUT_MENU_DB_CONFLICT_DESC, [{0} - {1}] atamasi \n\nile cakisiyor,,
,,,
# Input Menu Assigned Player Type,,,
ASSIGNED_PLAYER_NONE,Yok,,
ASSIGNED_PLAYER_P1,P1,,
ASSIGNED_PLAYER_P2,P2,,
,,,
# Input Actions,,,
# Input Actions Prefix,INPUT_ACTION_,,
INPUT_ACTION_MOVE_VERTICAL_AXIS,Dikey Eksende Git,,
INPUT_ACTION_MOVE_FORWARD,Ileri Git,,
INPUT_ACTION_MOVE_BACKWARD,Geri Git,,
INPUT_ACTION_MOVE_HORIZONTAL_AXIS,Yatay Eksende Git,,
INPUT_ACTION_MOVE_LEFT,Sola Git,,
INPUT_ACTION_MOVE_RIGHT,Saga Git,,
INPUT_ACTION_LOOK_VERTICAL_AXIS,Dikey Eksende Bak,,
INPUT_ACTION_LOOK_UP,Yukari Bak,,
INPUT_ACTION_LOOK_DOWN,Asagi Bak,,
INPUT_ACTION_LOOK_HORIZONTAL_AXIS,Yatay Eksende Bak,,
INPUT_ACTION_LOOK_LEFT,Sola Bak,,
INPUT_ACTION_LOOK_RIGHT,Saga Bak,,
INPUT_ACTION_JUMP,Zipla,,
INPUT_ACTION_CROUCH,Comel,,
INPUT_ACTION_SPRINT,Kos,,
INPUT_ACTION_USE_ITEM,Esyayi Kullan,,
INPUT_ACTION_DRAG_ITEM,Esyayi Surukle,,
INPUT_ACTION_PICKUP_ITEM,Esyayi Al,,
INPUT_ACTION_SWITCH_ITEM,Esyayi Degistir,,
INPUT_ACTION_DROP_ITEM,Esyayi Birak,,
INPUT_ACTION_WATCH,Kol Saati,,Key binding for showing the player's watch.
INPUT_ACTION_TORCH,Fener,,
INPUT_ACTION_INVENTORY_MENU,Envanter Menusu,,
INPUT_ACTION_CRAFTING_MENU,Uretim Menusu,,
INPUT_ACTION_CRAFTING_MENU_PIN,Uretim Menusu Tarifini Sabitle,,Action to 'pin' a single crafting combo from the crafting menu to the top left of screen so player can see it while doing other things..
INPUT_ACTION_ROTATE_OBJECT_AXIS,Objeyi Yukari Asagi Dondur,,
INPUT_ACTION_ROTATE_OBJECT_LEFT,Objeyi Sola Dondur,,
INPUT_ACTION_ROTATE_OBJECT_RIGHT,Objeyi Saga Dondur,,
INPUT_ACTION_FREE_HANDS,Eller Serbest,,
INPUT_ACTION_FIRE_LIGHTING_ACTION_1,Ates Yakma Eylemi 1,,
INPUT_ACTION_FIRE_LIGHTING_ACTION_2,Ates Yakma Eylemi 2,,
INPUT_ACTION_EDITOR_MOVE_X_AXIS,Editor - X Ekseninde Hareket Et,,
INPUT_ACTION_EDITOR_MOVE_LEFT,Editor - Sola Hareket Et,,
INPUT_ACTION_EDITOR_MOVE_RIGHT,Editor - Saga Hareket Et,,
INPUT_ACTION_EDITOR_MOVE_Y_AXIS,Editor - Y Ekseninde Hareket Et,,
INPUT_ACTION_EDITOR_MOVE_UP,Editor - Yukari Hareket Et,,
INPUT_ACTION_EDITOR_MOVE_DOWN,Editor - Asagi Hareket Et,,
INPUT_ACTION_EDITOR_MOVE_Z_AXIS,Editor - Z Ekseninde Hareket Et,,
INPUT_ACTION_EDITOR_MOVE_FORWARD,Editor - Ileri Hareket Et,,
INPUT_ACTION_EDITOR_MOVE_BACKWARD,Editor - Geri Hareket Et,,
INPUT_ACTION_EDITOR_DELETE,Editor - Sil,,
INPUT_ACTION_EDITOR_CLONE,Editor - Cogalt,,
INPUT_ACTION_EDITOR_ROTATE,Editor - Dondur,,
INPUT_ACTION_EDITOR_POSITION,Editor - Pozisyon,,Placing objects in editor.
INPUT_ACTION_EDITOR_SPRINT,Editor - Kos,,
INPUT_ACTION_EDITOR_FOCUS,Editor - Odaklan,,
INPUT_ACTION_VEHICLE_ASCEND,Arac - Yukselt,,Gain altitude.
INPUT_ACTION_VEHICLE_DESCEND,Arac - Alcalt,,Reduce altitude.
INPUT_ACTION_VEHICLE_SAIL_AXIS,Arac - Yelken Yukari Asagi Eksen,,
INPUT_ACTION_VEHICLE_SAIL_LEFT,Arac - Yelken Sola,,
INPUT_ACTION_VEHICLE_SAIL_RIGHT,Arac - Yelken Saga,,
,,,
# Input Action Categories,,,
# Input Action Categories Prefix,INPUT_ACTION_CATEGORY_,,
INPUT_ACTION_CATEGORY_DEFAULT,Genel,,
INPUT_ACTION_CATEGORY_CRAFTING_MENU,Uretim Menusu,,
INPUT_ACTION_CATEGORY_PLACING,Obje Yerlestirme,,
INPUT_ACTION_CATEGORY_FIRE_LIGHTING,Ates Yak,,
INPUT_ACTION_CATEGORY_VEHICLE,Tasit,,
INPUT_ACTION_CATEGORY_MAP_EDITOR,Harita Duzenleyici,,
,,,
# Leaderboard Menu,,,
LEADERBOARDS_MENU_LABEL_TITLE,Lider Tablosu,MAIN_MENU_BUTTON_LEADERBOARDS,
LEADERBOARDS_MENU_LABEL_RANK,Rutbe,,Placing in leaderboard.
LEADERBOARDS_MENU_LABEL_NAME,Isim,,
LEADERBOARDS_MENU_LABEL_VALUE,Deger,,
LEADERBOARDS_MENU_LABEL_USERNAME,Kullanici Adi,,
LEADERBOARDS_MENU_LABEL_RETRIEVING,Aliniyor...,,
LEADERBOARDS_MENU_LABEL_NO_SCORES,Lider tablosunda henuz puan yok!,,
LEADERBOARDS_MENU_DB_SORRY_TITLE,Uzgunuz,TEXT_SORRY,
,,,
# Leaderboard Menu Buttons,,,
# Leaderboard Menu Buttons Prefix,LEADERBOARDS_MENU_BUTTON_,,
LEADERBOARDS_MENU_BUTTON_MOST_ANIMALS_KILLED,En Cok Hayvan Oldurme,,
LEADERBOARDS_MENU_BUTTON_MOST_ANIMALS_TRAPPED,En Cok Hayvan Tuzaga Dusurme,,
LEADERBOARDS_MENU_BUTTON_MOST_DAYS_SURVIVED,Hayatta Kalinan Gun Sayisi,,
LEADERBOARDS_MENU_BUTTON_MOST_FISH_FISHED,En Fazla Balik Avlama,,
LEADERBOARDS_MENU_BUTTON_MOST_ISLANDS_CREATED,En Fazla Ada Olusturma,,
LEADERBOARDS_MENU_BUTTON_MOST_ISLANDS_EXPLORED,En Fazla Ada Kesfetme,,
LEADERBOARDS_MENU_BUTTON_MOST_ISLANDS_HOPPED,En Fazla Atlanan Ada,,Unique islands travelled to.
LEADERBOARDS_MENU_BUTTON_MOST_ITEMS_CRAFTED,En Fazla Esya Uretme,,
LEADERBOARDS_MENU_BUTTON_MOST_ITEMS_LOOTED,En Fazla Esya Toplama,,Most items collected/picked up.
LEADERBOARDS_MENU_BUTTON_MOST_SHIPS_SCAVENGED,En Cok Gemi Yagmalama,,Ships searched for items/looted.
LEADERBOARDS_MENU_BUTTON_MOST_STATUS_EFFECTS,En Fazla Durum Etkisi,,
LEADERBOARDS_MENU_BUTTON_MOST_TIME_PLAYED,En Uzun Sure Oynama,,
LEADERBOARDS_MENU_BUTTON_QUICKEST_ESCAPE,En Hizli Kurtulma,,
,,,
# Cartographer Menu,,,
CARTOGRAPHER_MENU_BUTTON_SOURCE_LOCAL,Yerel,,
CARTOGRAPHER_MENU_BUTTON_SOURCE_COMMUNITY,Topluluk,,
CARTOGRAPHER_MENU_BUTTON_APPLY,Uygula,BUTTON_APPLY,
CARTOGRAPHER_MENU_BUTTON_BACK,Geri,BUTTON_BACK,
CARTOGRAPHER_MENU_BUTTON_CREATE_AN_ISLAND,Ada Olustur,,
CARTOGRAPHER_MENU_BUTTON_CREATE_NEW_WORLD,Yeni Bir Dunya Olustur,,
CARTOGRAPHER_MENU_LABEL_SEARCH,Ara,,
CARTOGRAPHER_MENU_LABEL_DRAG_AND_DROP_DESC,Ozel haritalari yerlestirmek veya guncellemek icin izgaranin uzerine surukle ve birak.,,
CARTOGRAPHER_MENU_LABEL_SELECT_AND_PRESS_TO_REMOVE_DESC,Ozel haritalari dunyadan silmek icin haritayi sec ve [PLATFORM] tusuna bas.,,
CARTOGRAPHER_MENU_DB_LOADING_TITLE,Yukleniyor,TEXT_LOADING,
CARTOGRAPHER_MENU_DB_LOADING_WORLD_DESC,Dunya yukleniyor. Lutfen bekle...,,
CARTOGRAPHER_MENU_DB_WARNING_TITLE,Uyari,TEXT_WARNING,
CARTOGRAPHER_MENU_DB_WARNING_DISCARD_CHANGES_DESC,Tum dunya degisIkliklerini kaydetmemek istediginden emin misin?,,
CARTOGRAPHER_MENU_DB_SAVING_TITLE,Kaydediliyor,,
CARTOGRAPHER_MENU_DB_SAVING_WORLD_DESC,Dunya verisi kaydediliyor. Lutfen bekle...,,
CARTOGRAPHER_MENU_DB_UPDATE_TITLE,Guncelle,TEXT_UPDATE,
CARTOGRAPHER_MENU_DB_UPDATE_ZONE_DESC,Bu bolgeyi mevcut surumle guncellemek istiyor musun? Yalnizca bu haritadaki kayitli ilerlemen silinecek!\n\n\nMevcut dunya surumu: {0}\nUstune yazilacak dunya surumu: {1}0,,
CARTOGRAPHER_MENU_DB_REMOVE_TITLE,Kaldir,,
CARTOGRAPHER_MENU_DB_REMOVE_DESC,{0}''i dunyadan kaldirmak istedigine emin misin?,,
CARTOGRAPHER_MENU_DB_REMOVING_TITLE,Kaldiriliyor,,
CARTOGRAPHER_MENU_DB_REMOVING_DESC,Mevcut harita kaldiriliyor ve orjinal harita tekrar olusturuluyor. Lutfen bekle...,,
CARTOGRAPHER_MENU_DB_REMOVING_PROCEDURAL_DESC,Mevcut harita kaldiriliyor ve orjinal harita tekrar olusturuluyor. Lutfen bekle...,,
CARTOGRAPHER_MENU_DB_WARNING_DELETE_MAP_DESC,{0} haritasini silmek istedigine emin misin'?,,
CARTOGRAPHER_MENU_DB_SORRY_TITLE,Uzgunuz,TEXT_SORRY,
CARTOGRAPHER_MENU_DB_SORRY_MAP_EXISTS_DESC,{0}' haritasi zaten dunyada var.,,
CARTOGRAPHER_MENU_DB_REPLACE_TITLE,Degistir,,
CARTOGRAPHER_MENU_DB_REPLACE_MAP_DESC,{0}' ({1}) haritasini, '{2}' ({3}) haritasiyla degistirmek istiyor musun?,,
CARTOGRAPHER_MENU_DB_ERROR_TITLE,Hata,TEXT_ERROR,
CARTOGRAPHER_MENU_DB_ERROR_LOADING_MAPS_DESC,Yerel haritalar yuklenirken bazi hatalar olustu:\n\n{0},,
CARTOGRAPHER_MENU_DB_ERROR_LOADING_WORLD_DESC,Dunya yuklenirken bir sorun olustu:\n\n{0},,
CARTOGRAPHER_MENU_DB_ERROR_SAVING_WORLD_DESC,Dunya kaydedilirken bir sorun olustu: \n\n{0},,
CARTOGRAPHER_MENU_DB_CREATE_NEW_WORLD_TITLE,Yeni Bir Dunya Olustur,,
CARTOGRAPHER_MENU_DB_CREATE_NEW_WORLD_DESC,"""Tohum"" sozcugu, yeni bir dunya olustururken yeni ve rastgele parcalar uretmek icin kullanilan sayiya verilen isimdir.",,
CARTOGRAPHER_MENU_DB_CREATING_TITLE,Uretiliyor,,
CARTOGRAPHER_MENU_DB_CREATING_DESC,Yeni harita uretiliyor. Lutfen bekle...,,
CARTOGRAPHER_MENU_DB_WARNING_RANDOMIZE_SEED_DESC,Rastgele olusturucu, dunyayi tohum numarasina gore yeniden olusturacak.\nYeni bir dunya olusturmak mevcut kayit dosyasini silecek!,,
CARTOGRAPHER_MENU_DB_WARNING_RANDOMIZE_DESC,Yeni bir dunya olusturmak mevcut kayit dosyalarini silecektir!,,
,,,
# Cartographer Map Tooltip,,,
CARTOGRAPHER_MAP_TOOLTIP_LABEL_AUTHOR,Yapimci,,
CARTOGRAPHER_MAP_TOOLTIP_LABEL_DESCRIPTION,Aciklama,,
CARTOGRAPHER_MAP_TOOLTIP_LABEL_VERSION,Surum,,
CARTOGRAPHER_MAP_TOOLTIP_LABEL_SOURCE,Kaynak,,
CARTOGRAPHER_MAP_TOOLTIP_LABEL_STATUS,Durum,,
,,,
MAP_NAME_PREFIX_1,Kucuk,,
MAP_NAME_PREFIX_2,Muhtesem,,
MAP_NAME_PREFIX_3,Ust,,
MAP_NAME_PREFIX_4,Alt,,
MAP_NAME_PREFIX_5,Sonsuz,,
MAP_NAME_PREFIX_6,Dogu,,
MAP_NAME_PREFIX_7,Bati,,
MAP_NAME_PREFIX_8,Lekeli,,
MAP_NAME_STEM_1,Alt,,
MAP_NAME_STEM_2,Siddetli,,
MAP_NAME_STEM_3,Son,,
MAP_NAME_STEM_4,Karanlik,,
MAP_NAME_STEM_5,Gizli,,
MAP_NAME_STEM_6,Dipsiz,,
MAP_NAME_STEM_7,Sonsuz,,
MAP_NAME_STEM_8,Unutulmus,,
MAP_NAME_STEM_9,Tarihi,,
MAP_NAME_STEM_10,Tropik,,
MAP_NAME_SUFFIX_1,Ada,,
MAP_NAME_SUFFIX_2,Mercan,,
MAP_NAME_SUFFIX_3,Zirve,,
MAP_NAME_SUFFIX_4,Kose,,
MAP_NAME_SUFFIX_5,Barinak,,
MAP_NAME_SUFFIX_6,Kacis,,
,,,
MAP_SOURCE_LOCAL,Yerel,CARTOGRAPHER_MENU_BUTTON_SOURCE_LOCAL,
MAP_SOURCE_COMMUNITY,Topluluk,CARTOGRAPHER_MENU_BUTTON_SOURCE_COMMUNITY,
MAP_STATUS_CURRENT,Mevcut Surum,,
MAP_STATUS_OLDER,Eski Surum\n(Yeni versiyonu surukleyip birakarak guncelleyebilirsin),,
MAP_STATUS_UNAVAILABLE,Gecersiz (Artik diskte mevcut degil),,
,,,
MAP_DESC_PROCEDURAL,Prosedure gore olusturulmus rastgele harita bolgesi.,,
,,,
# Map Error Messages,,,
MAP_MSG_MAP_DIR_NOT_FOUND,Harita dizini bulunamadi veya yuklenemedi:,,
MAP_MSG_ERROR_LOADING_DEFAULT_MAP,Varsayilan harita yuklenirken hata olustu:,,
MAP_MSG_ERROR_LOADING_DEFAULT_MAP_FILES_NOT_FOUND,Varsayilan harita yuklenirken hata olustu. Tum dosyalar bulunamadi: ,,
MAP_MSG_ERROR_LOADING_MISSION_MAPS,Gorev haritalari yuklenirken hata olustu:\n\n,,
MAP_MSG_ERROR_LOADING_MAP,Yerel harita yuklenirken hata olustu:,,
MAP_MSG_ERROR_LOADING_MAP_FILES_NOT_FOUND,Yerel harita yuklenirken hata olustu. Tum dosyalar bulunamadi:,,
MAP_MSG_ERROR_LOADING_MAPS,Yerel haritalar yuklenirken hata olustu:\n\n,,
,,,
# World Error Messages,,,
WORLD_MSG_SUCCESS,Basarili.,,
WORLD_MSG_WORLD_DIR_NOT_FOUND,Dunya dizini bulunamadi veya yuklenemedi:,,
WORLD_MSG_SEED_FILE_MISSING,Tohum dosyasi bulunamadi.,,
WORLD_MSG_EMPTY_WORLD_FOLDER,Dunya klasoru bos.,,
WORLD_MSG_MISSING_MAP_FOLDER,Harita icin eksIk veya kayip klasor:,,
WORLD_MSG_MISSING_WORLD_FOLDER,Kayip veya eksIk dunya klasorleri.,,
WORLD_MSG_ERROR_SAVING_WORLD_SEED,Dunya tohumu kaydedilirken hata:,,
WORLD_MSG_ERROR_SAVING_WORLD,Dunya kaydedilirken hata:,,
WORLD_MSG_ERROR_VALIDATING_WORLD_STRUCTURE,Dunya'nin klasor yapisi dogrulanirken hata:\n\n,,
WORLD_MSG_ERROR_LOADING_WORLD_SEED,Dunya tohumu yuklenirken hata:\n\n,,
WORLD_MSG_MAP_VERSION_EXCEPTION,Kayitli dunyadaki bir ya da daha fazla harita artik eski ve artik desteklenmiyor. Lutfen yeni bir dunya olustur.,,
WORLD_MSG_ERROR_LOADING_MAP,Harita yuklenirken hata:,,
WORLD_MSG_ERROR_LOADING_WORLD_MAPS,Dunya haritalari yuklenirken hata:,,
,,,
# Map Editor Menu,,,
MAP_EDITOR_DB_NO_SELECTION_TITLE,<placeholder>,,
MAP_EDITOR_DB_NO_SELECTION_DESC,<placeholder>,,
MAP_EDITOR_DB_GENERATE_HEIGHTMAP_TITLE,Yukseklik Haritasi Olustur,,
MAP_EDITOR_DB_GENERATE_HEIGHTMAP_DESC,Yukseklik Haritasi olusturmak sahnedeki tum objeleri silecek. Emin misin?,,
MAP_EDITOR_DB_GENERATE_ISLAND_TITLE,Ada Olustur,,
MAP_EDITOR_DB_SMOOTH_TERRAIN_TITLE,Duzgun Arazi,,
MAP_EDITOR_DB_SMOOTH_TERRAIN_DESC,Araziyi duzgunlestirmek geri alinamaz. Objeler ayrica duzgunlestirilmis haritadan biraz daha yukariya yerlestirilebilir. Birden cok kez duzgunlestirebilirsin.,,
MAP_EDITOR_DB_DELETE_OBJECT_TITLE,Objeyi Sil,,
MAP_EDITOR_DB_DELETE_OBJECT_DESC,Bu objeyi silmek istedigine emin misin?,,
MAP_EDITOR_MENU_DB_QUIT_TITLE,Cikis,TEXT_QUIT,
MAP_EDITOR_MENU_DB_QUIT_DESC,Cikmak istedigine emin misin?,TEXT_QUIT_DESC,
,,,
# Map Editor Save Menu,,,
MAP_EDITOR_SAVE_MENU_DB_ERROR_TITLE,Hata,TEXT_ERROR,
MAP_EDITOR_SAVE_MENU_DB_ERROR_SAVING_MAP_DESC,Harita kaydedilirken bir sorun olustu: {0},,
MAP_EDITOR_SAVE_MENU_DB_SAVE_TITLE,Kaydet,TEXT_SAVE,
MAP_EDITOR_SAVE_MENU_DB_SAVE_NAME_DESC,Lutfen haritan icin bir isim gir!,,
MAP_EDITOR_SAVE_MENU_DB_SAVE_DESCRIPTION_DESC,Lutfen haritanin kisa aciklamasini gir!,,
MAP_EDITOR_SAVE_MENU_DB_SAVE_RESERVED_DESC,Uzgunuz, kayitli bir harita zaten bu isme sahip.,,
MAP_EDITOR_SAVE_MENU_DB_SAVE_EXISTING_DESC,Mevcut haritanin ustune yazmak istiyor musun?,,
MAP_EDITOR_SAVE_MENU_DB_SORRY_TITLE,Uzgunuz,TEXT_SORRY,
,,,
# Quality Settings,,,
QUALITY_HUD_INFORMATION_OFF,Kapali,TEXT_OFF,
QUALITY_HUD_INFORMATION_ITEM_NAMES,Esya Isimleri,,
QUALITY_TEMPERATURE_FAHRENHEIT,Fahrenhayt,,
QUALITY_TEMPERATURE_CELSIUS,Santigrat,,
QUALITY_CAMERA_VIEW_MODE_FIRST_PERSON,Birinci Sahis,,
QUALITY_CAMERA_VIEW_MODE_THIRD_PERSON,Ucuncu Sahis,,
QUALITY_PRESET_LAPTOP,Dizustu Bilgisayar,TEXT_LAPTOP,
QUALITY_PRESET_LOW,Dusuk,TEXT_LOW,
QUALITY_PRESET_MEDIUM,Orta,TEXT_MEDIUM,
QUALITY_PRESET_HIGH,Yuksek,TEXT_HIGH,
QUALITY_PRESET_ULTRA,Cok Yuksek,TEXT_ULTRA,
QUALITY_PRESET_CUSTOM,Ozel,,
QUALITY_OFF_ON_ON,Acik,TEXT_ON,
QUALITY_OFF_ON_OFF,Kapali,TEXT_OFF,
QUALITY_OFF_HIGH_OFF,Kapali,TEXT_OFF,
QUALITY_OFF_HIGH_LOW,Dusuk,TEXT_LOW,
QUALITY_OFF_HIGH_MEDIUM,Orta,TEXT_MEDIUM,
QUALITY_OFF_HIGH_HIGH,Yuksek,TEXT_HIGH,
QUALITY_OFF_ULTRA_OFF,Kapali,TEXT_OFF,
QUALITY_OFF_ULTRA_LOW,Dusuk,TEXT_LOW,
QUALITY_OFF_ULTRA_MEDIUM,Orta,TEXT_MEDIUM,
QUALITY_OFF_ULTRA_HIGH,Yuksek,TEXT_HIGH,
QUALITY_OFF_ULTRA_ULTRA,Cok Yuksek,TEXT_ULTRA,
QUALITY_LOW_HIGH_LOW,Dusuk,TEXT_LOW,
QUALITY_LOW_HIGH_MEDIUM,Orta,TEXT_MEDIUM,
QUALITY_LOW_HIGH_HIGH,Yuksek,TEXT_HIGH,
QUALITY_LOW_ULTRA_LOW,Dusuk,TEXT_LOW,
QUALITY_LOW_ULTRA_MEDIUM,Orta,TEXT_MEDIUM,
QUALITY_LOW_ULTRA_HIGH,Yuksek,TEXT_HIGH,
QUALITY_LOW_ULTRA_ULTRA,Cok Yuksek,TEXT_ULTRA,
QUALITY_LAPTOP_ULTRA_LAPTOP,Laptop,TEXT_LAPTOP,
QUALITY_LAPTOP_ULTRA_LOW,Dusuk,TEXT_LOW,
QUALITY_LAPTOP_ULTRA_MEDIUM,Orta,TEXT_MEDIUM,
QUALITY_LAPTOP_ULTRA_HIGH,Yuksek,TEXT_HIGH,
QUALITY_LAPTOP_ULTRA_ULTRA,Cok Yuksek,TEXT_ULTRA,
QUALITY_FIXED_FRAME_RATE_OFF,Kapali,TEXT_OFF,
QUALITY_FIXED_FRAME_RATE_30_FPS,30 FPS,,
QUALITY_FIXED_FRAME_RATE_40_FPS,40 FPS,,
QUALITY_FIXED_FRAME_RATE_50_FPS,50 FPS,,
QUALITY_FIXED_FRAME_RATE_60_FPS,60 FPS,,
QUALITY_FIXED_FRAME_RATE_70_FPS,70 FPS,,
QUALITY_FIXED_FRAME_RATE_80_FPS,80 FPS,,
QUALITY_FIXED_FRAME_RATE_90_FPS,90 FPS,,
QUALITY_FIXED_FRAME_RATE_100_FPS,100 FPS,,
QUALITY_FIXED_FRAME_RATE_110_FPS,110 FPS,,
QUALITY_FIXED_FRAME_RATE_120_FPS,120 FPS,,
QUALITY_VERTICAL_SYNC_OFF,Kapali,TEXT_OFF,
QUALITY_VERTICAL_SYNC_OFF_DESC,Dikey esitleme kapali.,,
QUALITY_VERTICAL_SYNC_1_FRAME,1 Kare,,
QUALITY_VERTICAL_SYNC_1_FRAME_DESC,Kare hizi ekran hiziyla esitlendi. \n(Dizustu bilgisayarlar ve dusuk sistemler icin onerilmez),,
QUALITY_VERTICAL_SYNC_2_FRAME,2 Kare,,
QUALITY_VERTICAL_SYNC_2_FRAME_DESC,Kare hizini ekran hiziyla esitlendi. \n(Dizustu bilgisayarlar ve dusuk sistemler icin onerilmez),,
QUALITY_COLOR_MODE_NATURAL,Dogal,,
QUALITY_COLOR_MODE_VIBRANT,Canli,,
QUALITY_DRAW_DISTANCE_NEAR,Yakin,,
QUALITY_DRAW_DISTANCE_NEAR_DESC,Yakin gorus uzakligi.,,
QUALITY_DRAW_DISTANCE_FAR,Uzak,,
QUALITY_DRAW_DISTANCE_FAR_DESC,Uzak gorus uzakligi.,,
QUALITY_DRAW_DISTANCE_VERY_FAR,Cok uzak,,
QUALITY_DRAW_DISTANCE_VERY_FAR_DESC,Cok uzak gorus uzakligi.\n(Dizustu bilgisayarlar ve dusuk sistemler icin onerilmez),,
QUALITY_TEXTURES_LOW,Dusuk,TEXT_LOW,
QUALITY_TEXTURES_LOW_DESC,Dusuk doku kalitesi.,,
QUALITY_TEXTURES_MEDIUM,Orta,TEXT_MEDIUM,
QUALITY_TEXTURES_MEDIUM_DESC,Orta doku kalitesi.,,
QUALITY_TEXTURES_HIGH,Yuksek,TEXT_HIGH,
QUALITY_TEXTURES_HIGH_DESC,Yuksek doku kalitesi.,,
QUALITY_TEXTURES_ULTRA,Cok Yuksek,TEXT_ULTRA,
QUALITY_TEXTURES_ULTRA_DESC,Cok yuksek doku kalitesi.\n(Dizustu bilgisayarlar ve dusuk sistemler icin onerilmez),,
QUALITY_SHADOWS_OFF,Kapali,TEXT_OFF,
QUALITY_SHADOWS_OFF_DESC,Golge olmaz.,,
QUALITY_SHADOWS_LOW,Dusuk,TEXT_LOW,
QUALITY_SHADOWS_LOW_DESC,Dusuk kalite golgeler.,,
QUALITY_SHADOWS_MEDIUM,Orta,TEXT_MEDIUM,
QUALITY_SHADOWS_MEDIUM_DESC,Orta kalite golgeler.,,
QUALITY_SHADOWS_HIGH,Yuksek,TEXT_HIGH,
QUALITY_SHADOWS_HIGH_DESC,Yuksek  kalite golgeler.\n(Dizustu bilgisayarlar ve dusuk sistemler icin onerilmez),,
QUALITY_SHADOWS_ULTRA,Cok Yuksek,TEXT_ULTRA,
QUALITY_SHADOWS_ULTRA_DESC,Cok yuksek kalite golgeler.\n(Dizustu bilgisayarlar ve dusuk sistemler icin onerilmez),,
QUALITY_BILLBOARD_DENSITY_LOW,Dusuk,TEXT_LOW,
QUALITY_BILLBOARD_DENSITY_LOW_DESC,Dusuk tabela gorunurlugu.,,
QUALITY_BILLBOARD_DENSITY_MEDIUM,Orta,TEXT_MEDIUM,
QUALITY_BILLBOARD_DENSITY_MEDIUM_DESC,Orta tabela gorunurlugu.,,
QUALITY_BILLBOARD_DENSITY_HIGH,Yuksek,TEXT_HIGH,
QUALITY_BILLBOARD_DENSITY_HIGH_DESC,Yuksek tabela gorunurlugu.\n(Dizustu bilgisayarlar ve dusuk sistemler icin onerilmez),,
QUALITY_GRASS_OFF,Kapali,TEXT_OFF,
QUALITY_GRASS_OFF_DESC,Cim olmaz.,,
QUALITY_GRASS_ON,Acik,TEXT_ON,
QUALITY_GRASS_ON_DESC,Hareketli cim detaylari.,,
QUALITY_VOLUMETRIC_CLOUDS_OFF,Kapali,TEXT_OFF,
QUALITY_VOLUMETRIC_CLOUDS_OFF_DESC,Hacimli bulutlar olmaz.,,
QUALITY_VOLUMETRIC_CLOUDS_LOW,Dusuk,TEXT_LOW,
QUALITY_VOLUMETRIC_CLOUDS_LOW_DESC,Dusuk kalite hacimli bulutlar.\n(Dizustu bilgisayarlar ve dusuk sistemler icin onerilmez),,
QUALITY_VOLUMETRIC_CLOUDS_MEDIUM,Orta,TEXT_MEDIUM,
QUALITY_VOLUMETRIC_CLOUDS_MEDIUM_DESC,Orta kalite hacimli bulutlar.\n(Dizustu bilgisayarlar ve dusuk sistemler icin onerilmez),,
QUALITY_VOLUMETRIC_CLOUDS_HIGH,Yuksek,TEXT_HIGH,
QUALITY_VOLUMETRIC_CLOUDS_HIGH_DESC,Yuksek kalite hacimli bulutlar.\n(Dizustu bilgisayarlar ve dusuk sistemler icin onerilmez),,
QUALITY_CAUSTICS_OFF,Kapali,TEXT_OFF,
QUALITY_CAUSTICS_OFF_DESC,IsIk kirilmasi olmaz.,,
QUALITY_CAUSTICS_ON,Acik,TEXT_ON,
QUALITY_CAUSTICS_ON_DESC,Hareketli deniz isigi kirilmalari.,,
QUALITY_AMBIENT_OCCLUSION_OFF,Kapali,TEXT_OFF,
QUALITY_AMBIENT_OCCLUSION_OFF_DESC,Ortam kapatma olmaz.,,
QUALITY_AMBIENT_OCCLUSION_LOW,Dusuk,TEXT_LOW,
QUALITY_AMBIENT_OCCLUSION_LOW_DESC,Dusuk kalite ortam kapatma..\n(Dizustu bilgisayarlar ve dusuk sistemler icin onerilmez),,
QUALITY_AMBIENT_OCCLUSION_MEDIUM,Orta,TEXT_MEDIUM,
QUALITY_AMBIENT_OCCLUSION_MEDIUM_DESC,Orta kalite ortam kapatma.\n(Dizustu bilgisayarlar ve dusuk sistemler icin onerilmez),,
QUALITY_AMBIENT_OCCLUSION_HIGH,Yuksek,TEXT_HIGH,
QUALITY_AMBIENT_OCCLUSION_HIGH_DESC,Yuksek kalite ortam kapatma.\n(Dizustu bilgisayarlar ve dusuk sistemler icin onerilmez),,
QUALITY_ANTIALIASING_OFF,Kapali,TEXT_OFF,
QUALITY_ANTIALIASING_OFF_DESC,Kenar yumusatma olmaz.,,
QUALITY_ANTIALIASING_FXAA,FXAA,,
QUALITY_ANTIALIASING_FXAA_DESC,Hizli tahmini kenar yumusatma.,,
QUALITY_ANTIALIASING_SMAA,SMAA,,
QUALITY_ANTIALIASING_SMAA_DESC,Altpiksel yapisi uzerinden kenar yumusatma.\n(Dizustu bilgisayarlar ve dusuk sistemler icin onerilmez),,
QUALITY_ANTIALIASING_TXAA,TXAA,,
QUALITY_ANTIALIASING_TXAA_DESC,Anlik gecici kenar yumusatma.\n(Dizustu bilgisayarlar ve dusuk sistemler icin onerilmez),,
QUALITY_BLOOM_OFF,Kapali,TEXT_OFF,
QUALITY_BLOOM_OFF_DESC,HDR parlama efekti olmaz.,,
QUALITY_BLOOM_ON,Acik,TEXT_ON,
QUALITY_BLOOM_ON_DESC,HDR parlama efekti gorunur.\n(Dizustu bilgisayarlar ve dusuk sistemler icin onerilmez),,
QUALITY_MOTION_BLUR_ON,Acik,TEXT_ON,
QUALITY_MOTION_BLUR_ON_DESC,Dinamik hareket bulanikligini acar.,,
QUALITY_MOTION_BLUR_OFF,Kapali,TEXT_OFF,
QUALITY_MOTION_BLUR_OFF_DESC,Hareket bulanikligi olmaz.,,
,,,
# New Game Mode,,,
NEW_GAME_MODE_SINGLE_PLAYER,Tek Oyuncu,,
NEW_GAME_MODE_COOP_PLAYER,Birlikte,,
NEW_GAME_MODE_DIFFICULTY_NORMAL,Normal,,
NEW_GAME_MODE_DIFFICULTY_HARD,Zor,,
NEW_GAME_MODE_DIFFICULTY_CREATIVE,Yaratici,,
NEW_GAME_MODE_WORLD_EXISTING,Mevcut,,
NEW_GAME_MODE_WORLD_RANDOM,Rastgele,,
NEW_GAME_MODE_GENDER_MALE,Erkek,,
NEW_GAME_MODE_GENDER_FEMALE,Kadin,,
NEW_GAME_MODE_PERMADEATH_ON,Acik,TEXT_ON,
NEW_GAME_MODE_PERMADEATH_OFF,Kapali,TEXT_OFF,
NEW_GAME_MODE_WILDLIFE_NORMAL,Normal,,
NEW_GAME_MODE_WILDLIFE_PASSIVE,Etkisiz,,
NEW_GAME_MODE_WILDLIFE_REMOVED,Yok,,
NEW_GAME_MODE_STARTING_CRATE_ON,Acik,TEXT_ON,
NEW_GAME_MODE_STARTING_CRATE_OFF,Kapali,TEXT_OFF,
NEW_GAME_MODE_SINGLE_PLAYER_DESC,Tek basina hayatta kal.,,
NEW_GAME_MODE_COOP_PLAYER_DESC,Iki kisi birlikte hayatta kal.,,
NEW_GAME_MODE_DIFFICULTY_NORMAL_DESC,Hayatta Kal!,,
NEW_GAME_MODE_DIFFICULTY_HARD_DESC,Hayati seyler hizli tukenir, yaratiklar daha tehlikeli olur ve kaynaklar daha yavas yeniden ortaya cikar.,,
NEW_GAME_MODE_DIFFICULTY_CREATIVE_DESC,Kesfet, kurcala ve hayatin hakkinda endiselenmeden insa et. Gorunmezsin!,,
NEW_GAME_MODE_WORLD_EXISTING_DESC,Haritaci'daki mevcut dunyayi kullan,,
NEW_GAME_MODE_WORLD_RANDOM_DESC,Yeni oyun icin rastgele dunya olustur.,,
NEW_GAME_MODE_GENDER_MALE_DESC,Erkek karakterle oyna.,,
NEW_GAME_MODE_GENDER_FEMALE_DESC,Kadin karakterle oyna.,,
NEW_GAME_MODE_PERMADEATH_ON_DESC,Tek oyun, tek olum. Kayit dosyasi oldugunde silinir.,,
NEW_GAME_MODE_PERMADEATH_OFF_DESC,Oldugunde olmeden onceki herhangi bir kaydi tekrar yuklemene izin verir.,,
NEW_GAME_MODE_WILDLIFE_NORMAL_DESC,Yaban hayati normal sekilde saldiracak ve kendisini savunacak.,,
NEW_GAME_MODE_WILDLIFE_PASSIVE_DESC,Yaban hayati saldirmayacak ve kendisini savunmayacak.,,
NEW_GAME_MODE_WILDLIFE_REMOVED_DESC,Kopekbaliklari olmayacak.,,
NEW_GAME_MODE_STARTING_CRATE_ON_DESC,Bir sandik bonus esya ile baslayin.,,
NEW_GAME_MODE_STARTING_CRATE_OFF_DESC,Bonus sandik yok.,,
,,,
SAVE_DB_ERROR_TITLE,Hata,TEXT_ERROR,
SAVE_DB_ERROR_DESC,Ilerleme kaydedilirken hata olustu. Lutfen hatayi cozmek icin Beam Team ile iletisime gec.,,
,,,
NOTIFICATION_NEW_NOTIFICATION_TITLE,Yeni Bildirim!,,
NOTIFICATION_OBJECTIVE_NEW_OBJECTIVES_TITLE,Yeni Gorevler!,,
DAYS_SURVIVED_NTF_TITLE,Gun Hayatta Kalindi.,,
,,,
MISSIONS_MISSION_GREAT_ABAIA_NAME,Dev Abaia,,
MISSIONS_MISSION_GREAT_ABAIA_DESC,Cevredeki sulari koruyan dev bir yaratigin olduguna dair soylentiler var. Bu gorevi tamamlamak icin yaratigi oldur.,,
MISSIONS_MISSION_MEGALODON_NAME,Megalodon,,
MISSIONS_MISSION_MEGALODON_DESC,Cevredeki sulari koruyan dev bir kopekbaligi olduguna dair soylentiler var. Bu gorevi tamamlamak icin yaratigi oldur.,,
MISSIONS_MISSION_LUSCA_GREAT_NAME,Dev Kalamar,,
MISSIONS_MISSION_LUSCA_GREAT_DESC,Cevredeki sulari koruyan dev bir yaratigin olduguna dair soylentiler var. Bu gorevi tamamlamak icin yaratigi oldur.,,
MISSIONS_MISSION_FAILED_LABEL,Gorev Basarisiz.,,
MISSIONS_MISSION_FAILED_DESC,Gorevi tamamlayamadin.,,
MISSIONS_MISSION_COMPLETED_LABEL,Gorev Tamamlandi,,
MISSIONS_MISSION_REWARD_TITLE_LABEL,Odul,,
MISSIONS_MISSION_REWARD_QUANTITY_LABEL,{0:0X},,
MISSIONS_MISSION_CRAFTING_COMBINATION_UNLOCK_NTF,{0} uretim tekniginin kilidi acildi!,,
MISSIONS_MISSION_ASSET_LOADER_FAILED,Gorev baslatilamadi.\nGorev parcalari yuklenemedi.,,
,,,
# Game Over Screen,,,
GAME_OVER_SCREEN_LABEL_GAME_OVER,Oyun Bitti,,
GAME_OVER_SCREEN_LABEL_YOU_DIED,Oldun.,,
GAME_OVER_SCREEN_LABEL_YOU_DIED_FROM_DESC,{0} sebeyle hayatini kaybettin.,,
GAME_OVER_SCREEN_LABEL_YOU_SURVIVED_DAYS_DESC,{0} gun hayatta kaldin.,,{0} replaced with GAME_OVER_SCREEN_DAY or GAME_OVER_SCREEN_DAYS
GAME_OVER_SCREEN_DAY,{0} Gun,,
GAME_OVER_SCREEN_DAYS,{0} Gun,,
GAME_OVER_SCREEN_PERMADEATH,Yeniden dogma!,,
GAME_OVER_SCREEN_LABEL_PRESS_ANY_KEY_DESC,Devam etmek icin bir tusa bas...,,
,,,
# Player Status Effects,,,
PLAYER_STATUS_EFFECT_HEALTHY,Saglikli,,
PLAYER_STATUS_EFFECT_SUNBLOCK,Gunes Yanigi,,
PLAYER_STATUS_EFFECT_SHARK_REPELLENT,Kopekbaligi Savar,,
PLAYER_STATUS_EFFECT_BREATH_BOOST,Nefes Artirici,,
PLAYER_STATUS_EFFECT_SPLINT,Atel,,
PLAYER_STATUS_EFFECT_TIRED,Yorgun,,
PLAYER_STATUS_EFFECT_STARVATION,Aclik,,
PLAYER_STATUS_EFFECT_DEHYDRATION,Susuzluk,,
PLAYER_STATUS_EFFECT_BLEEDING,Kanama,,
PLAYER_STATUS_EFFECT_DROWNING,Bogulma,,
PLAYER_STATUS_EFFECT_BROKEN_BONES,Kirik Kemik,,
PLAYER_STATUS_EFFECT_ILLNESS,Hastalik,,
PLAYER_STATUS_EFFECT_POISONING,Zehirlenme,,
PLAYER_STATUS_EFFECT_SUNSTROKE,Gunes Carpmasi,,
PLAYER_STATUS_EFFECT_DIARRHOEA,Ishal,,
PLAYER_STATUS_EFFECT_MALNUTRITION,Beslenme Bozuklugu,,
,,,
# Player Skills,,,
PLAYER_SKILL_HUNTING,Avcilik,,
PLAYER_SKILL_COOKING,Ascilik,,
PLAYER_SKILL_HARVESTING,Toplayicilik,,This refers to any kind of gathering, farming, cutting trees, mining rocks, etc.
PLAYER_SKILL_PHYSICAL,Fiziksel,,
PLAYER_SKILL_CRAFTSMANSHIP,Ustalik,,
PLAYER_SKILL_NTF_LEVEL_UP_TITLE,Seviye Yukseldi,,
,,,
# Player Speech,,,
PLAYER_SPEECH_STATUS_STARVING,Yiyecek bir seyler bulmaliyim. Cok gucsuzum.,,
PLAYER_SPEECH_STATUS_DEHYDRATION,Icecek su bulmam gerek.,,
PLAYER_SPEECH_STATUS_BROKEN_BONES,Bir yerlerimi kirdim sanirim.,,
PLAYER_SPEECH_STATUS_ILLNESS,Iyi hissetmiyorum.,,
PLAYER_SPEECH_STATUS_POISON,Hic iyi hissetmiyorum.,,
PLAYER_SPEECH_STATUS_BLEEDING,Kanamam var. Olamaz, kanamam var!,,
PLAYER_SPEECH_STATUS_HYPOTHERMIA,Cok usudum.,,
PLAYER_SPEECH_STATUS_HEALTH_REGENERATION,Cok iyi hissediyorum!,,
PLAYER_SPEECH_STATUS_TIRED,Biraz dinlenmeliyim.,,
PLAYER_SPEECH_STATUS_SUNBURN,Serinlemem gerek.,,
PLAYER_SPEECH_STATUS_REPELLENT,Tatli balik!,,Fishy refers to shark.
PLAYER_SPEECH_STATUS_SUNBLOCK,Tam ihtiyacim olan sey!,,
PLAYER_SPEECH_STATUS_BREATH,Bu isime yarayacak.,,
PLAYER_SPEECH_STATUS_DIARRHOEA,Bunu bir daha asla yemeyecegim...,,
PLAYER_SPEECH_STATUS_END_OBJECTIVES_COMPLETED,Sanirim... oldu!,,
,,,
PLAYER_WATCH_UV_INDEX_LABEL_NONE,Yok,,Labels shown on the player watch next to 'UV' sprite, ie: UV:None, UV:Low, UV:Med, UV:High
PLAYER_WATCH_UV_INDEX_LABEL_LOW,Dusk,,
PLAYER_WATCH_UV_INDEX_LABEL_MEDIUM,Orta,,
PLAYER_WATCH_UV_INDEX_LABEL_HIGH,Yksk,,
PLAYER_WATCH_UV_INDEX_LABEL_VERY_HIGH,CokY,,
PLAYER_WATCH_UV_INDEX_LABEL_EXTREME,Asr!,,
PLAYER_WATCH_STATUS_EFFECTS_LABEL,Durum Etkileri,,
,,,
# Quick Crafting Menu,,,
QUICK_CRAFT_MENU_TITLE,Hizli Uretim,,
,,,
# Crafting Menu,,,
CRAFTING_MENU_CRAFTSMANSHIP_LEVEL_LABEL,Svy,,"This is shown in the crafting menu beside each crafting recipe to indicate the craftsmanship level required, ""LVL 1"", ""LVL 2"" etc. Term is used on its own."
CRAFTING_MENU_TOOL_REQUIRED,{1} icin <b>{0}</b> gerekli,,
CRAFTING_MENU_PIN,Sabitlemek icin [PLATFORM] tusuna bas.,,
CRAFTING_MENU_NTF_ITEM_STORED_BACKPACK_DESC,{0}, Sirt Cantasina eklendi.,,
,,,
PINNED_CRAFTING_COMBO_NTF_TITLE,Sabitlemis Uretim Tarifi,,
,,,
# Crafting Combinations,,,
CRAFTING_COMBINATION_CATEGORY_CRAFTING,Uretim,,
CRAFTING_COMBINATION_CATEGORY_BUILDING,Insa,,
CRAFTING_COMBINATION_CATEGORY_VEHICLES,Tasitlar,,
CRAFTING_COMBINATION_CATEGORY_FARMING,Ciftcilik,,
CRAFTING_COMBINATION_CATEGORY_STORY,Hikaye,,
CRAFTING_COMBINATION_CATEGORY_CONSUMABLES,Tuketim Maddeleri,,
CRAFTING_COMBINATION_CRAFTING_SUBCATEGORY_TOOLS,Araclar,,
CRAFTING_COMBINATION_CRAFTING_SUBCATEGORY_STRUCTURES,Yapilar,,
CRAFTING_COMBINATION_CRAFTING_SUBCATEGORY_FURNITURE,Mobilya,,
CRAFTING_COMBINATION_CRAFTING_SUBCATEGORY_HUNTING,Avcilik,,
CRAFTING_COMBINATION_CRAFTING_SUBCATEGORY_TOOL_BELT,Alet Kemeri,,
CRAFTING_COMBINATION_BUILDING_SUBCATEGORY_FOUNDATION,Temeller,,
CRAFTING_COMBINATION_BUILDING_SUBCATEGORY_FLOORS,Zeminler,,
CRAFTING_COMBINATION_BUILDING_SUBCATEGORY_WALLS,Duvarlar,,
CRAFTING_COMBINATION_BUILDING_SUBCATEGORY_WINDOWS,Pencereler,,
CRAFTING_COMBINATION_BUILDING_SUBCATEGORY_ARCHES,Kemerler,,
CRAFTING_COMBINATION_BUILDING_SUBCATEGORY_DOORS,Kapilar,,
CRAFTING_COMBINATION_BUILDING_SUBCATEGORY_STEPS,Basamaklar,,
CRAFTING_COMBINATION_BUILDING_SUBCATEGORY_ROOFS,Catilar,,
CRAFTING_COMBINATION_VEHICLE_SUBCATEGORY_RAFT_BUOYANCY,Sal Batmazligi,,
CRAFTING_COMBINATION_VEHICLE_SUBCATEGORY_RAFT_FLOORS,Sal Zeminleri,,
CRAFTING_COMBINATION_VEHICLE_SUBCATEGORY_RAFT_MOVEMENT,Sal Hareketleri,,
CRAFTING_COMBINATION_VEHICLE_SUBCATEGORY_GYROCOPTER,Kucuk Helikopter,,
CRAFTING_COMBINATION_FARMING_SUBCATEGORY_PLOTS,Araziler,,
CRAFTING_COMBINATION_STORY_SUBCATEGORY_TROPHIES,Kupalar,,
CRAFTING_COMBINATION_CONSUMABLES_SUBCATEGORY_CONSUMABLES,Tuketim Maddeleri,,
,,,
# Inventory Menu,,,
INVENTORY_MENU_BACKPACK_TITLE,Sirt Cantasi,,
INVENTORY_MENU_NTF_NOT_ENOUGH_ROOM_DESC,Envanterde bos yer yok.,,
INVENTORY_MENU_NTF_ITEM_STORED_DESC,{0} Sirt Cantasina konuldu.\n[PLATFORM] tusuna basarak Sirt Cantasini acabilirsin.,,
,,,
INVENTORY_DATA_BACKPACK_DISPLAY_NAME,Sirt Cantasi,INVENTORY_MENU_BACKPACK_TITLE,
INVENTORY_DATA_BACKPACK_DESC,Sirt Cantasi deposuna gecmek icin tikla.,,
INVENTORY_DATA_BACKPACK_CLASSIFICATION,Depolama,,
INVENTORY_DATA_EMPTY_HANDS_DISPLAY_NAME,Eller Serbest,,
INVENTORY_DATA_EMPTY_HANDS_DESC,Ellerini serbest birak.,,
INVENTORY_DATA_STORAGE_DESC,{0} depolamasina gecmek icin tikla.,,{0} replaced with storage name, ie: Backpack, Wood Container, or any custom player renamed containers.
INVENTORY_DATA_STORAGE_CLASSIFICATION,Depolama,,
,,,
# Crafting Type Format,,,
TYPE_SENTENCE,{0} {1},,Used for languages where adjectives are placed after nouns. {0} = ATTRIBUTE_TYPE {1} = INTERACTIVE_TYPE
,,,
# Attribute Types,,,Item display names are derived from Crafting Types, eg: ATTRIBUTE_TYPE_LARGE INTERACTIVE_TYPE_FOOD_MEAT = Large Meat
# Attribute Types Prefix,ATTRIBUTE_TYPE_,,
ATTRIBUTE_TYPE_CRUDE,Ilkel,,
ATTRIBUTE_TYPE_REFINED,Islenmis,,
ATTRIBUTE_TYPE_SMALL,Kucuk,,
ATTRIBUTE_TYPE_SMALL_FEMALE,Kucuk,,
ATTRIBUTE_TYPE_MEDIUM,Orta,,
ATTRIBUTE_TYPE_MEDIUM_FEMALE,Orta,,
ATTRIBUTE_TYPE_LARGE,Buyuk,,
ATTRIBUTE_TYPE_LARGE_FEMALE,Buyuk,,
ATTRIBUTE_TYPE_GIANT,Cok Buyuk,,
ATTRIBUTE_TYPE_GIANT_FEMALE,Cok Buyuk,,
ATTRIBUTE_TYPE_FIBROUS,Lifli,,
ATTRIBUTE_TYPE_POISONOUS,Zehirli,,
ATTRIBUTE_TYPE_DRIFTWOOD,Yalos,,Building tier.
ATTRIBUTE_TYPE_WOOD,Odun,,Building tier.
ATTRIBUTE_TYPE_PLANK,Tahta,,Building tier.
ATTRIBUTE_TYPE_CORRUGATED,Oluklu Sac,,Building tier.
ATTRIBUTE_TYPE_CONTAINER,Konteyner,,Building tier.
ATTRIBUTE_TYPE_STEEL,Tugla,,Building tier.
ATTRIBUTE_TYPE_FLARE,Isaret Fisegi,,Gun type.
ATTRIBUTE_TYPE_SPEAR,Mizrak,,Gun type.
ATTRIBUTE_TYPE_BOLTACTION,Kurmali,,Gun type.
ATTRIBUTE_TYPE_CARBON,Karbon,,
ATTRIBUTE_TYPE_KURA,Kura,,Fruit type.
ATTRIBUTE_TYPE_QUWAWA,Guava,,Fruit type.
ATTRIBUTE_TYPE_YUCCA,Yuka,,
ATTRIBUTE_TYPE_PALM,Palmiye,,Tree type.
ATTRIBUTE_TYPE_PINE,Ananas,,Tree type.
ATTRIBUTE_TYPE_FICUS,Kaucuk,,Tree type.
ATTRIBUTE_TYPE_TARP,Tente,,
ATTRIBUTE_TYPE_BARREL,Fici,,
ATTRIBUTE_TYPE_BUOYBALLS,Samandira Topu,,
ATTRIBUTE_TYPE_TYRES,Lastik,,
ATTRIBUTE_TYPE_ARCHER,Kemer,,Fish type.
ATTRIBUTE_TYPE_CLOWN,Palyaco,,Fish type.
ATTRIBUTE_TYPE_COD,Morina,,Fish type.
ATTRIBUTE_TYPE_DISCUS,Diskus,,Fish type.
ATTRIBUTE_TYPE_LION,Aslan,,Fish type.
ATTRIBUTE_TYPE_SARDINE,Sardalya,,Fish type.
ATTRIBUTE_TYPE_PILCHARD,Ates Baligi,,Fish type. Similar to sardine, but Pilchard is bigger.
ATTRIBUTE_TYPE_GROUPER,Dev Orfoz,,Fish type.
ATTRIBUTE_TYPE_GOBLIN,Goblin,,Shark type.
ATTRIBUTE_TYPE_GREAT_WHITE,Buyuk Balina,,Shark type.
ATTRIBUTE_TYPE_HAMMERHEAD,Cekic,,Shark type.
ATTRIBUTE_TYPE_TIGER,Kaplan,,Shark type.
ATTRIBUTE_TYPE_WHALE,Balina,,Shark type.
ATTRIBUTE_TYPE_MARLIN,Marlin,,Fish type.
ATTRIBUTE_TYPE_ROCK,Kaya,,
ATTRIBUTE_TYPE_CLAY,Kil,,
,,,
# Plant Types,,,
# Plant Types Prefix,PLANT_TYPE_,,
PLANT_TYPE_KURA,Kura,ATTRIBUTE_TYPE_KURA,
PLANT_TYPE_QUWAWA,Guava,ATTRIBUTE_TYPE_QUWAWA,
PLANT_TYPE_WAVULAVULA,Wavulavula,,
PLANT_TYPE_COCA,Kokain,,
PLANT_TYPE_POTATO,Patates,,
PLANT_TYPE_ALOE,Aloe Vera,,
PLANT_TYPE_AJUGA,Ajuga,,
PLANT_TYPE_PIPI,Pipi,,"Plant ""Vigna marina"". 'Pipi' is the local islander name for the plant."
PLANT_TYPE_YUCCA,Yuka,ATTRIBUTE_TYPE_YUCCA,
,,,
# Interactive Types,,,
# Interactive Types Prefix,INTERACTIVE_TYPE_,,
INTERACTIVE_TYPE_DOOR,Kapi,,
INTERACTIVE_TYPE_CONTAINER,Konteyner,,
INTERACTIVE_TYPE_CONTAINER_SHELF,Konteyner Raf,,
INTERACTIVE_TYPE_BUILDING_FOUNDATION,Temel,,
INTERACTIVE_TYPE_BUILDING_FOUNDATION_WEDGE,Temel Capraz Blogu,,
INTERACTIVE_TYPE_BUILDING_FLOOR,Zemin,,
INTERACTIVE_TYPE_BUILDING_FLOOR_WEDGE,Zemin Capraz Blogu,,
INTERACTIVE_TYPE_BUILDING_ROOF_WEDGE,Cati Capraz Blogu,,
INTERACTIVE_TYPE_BUILDING_ROOF_MIDDLE,Orta Cati,,
INTERACTIVE_TYPE_BUILDING_ROOF_CAP,Cati Tepesi,,
INTERACTIVE_TYPE_BUILDING_ROOF_CORNER,Cati Kosesi,,
INTERACTIVE_TYPE_BUILDING_PANEL,Panel,,
INTERACTIVE_TYPE_BUILDING_PANEL_DOOR,Kapi,,
INTERACTIVE_TYPE_BUILDING_WALL,Duvar,,
INTERACTIVE_TYPE_BUILDING_WALL_HALF,Yarim Duvar,,
INTERACTIVE_TYPE_BUILDING_WALL_WINDOW,Pencere,,
INTERACTIVE_TYPE_BUILDING_DOOR,Kapi,,
INTERACTIVE_TYPE_BUILDING_ARCH,Kemer,,
INTERACTIVE_TYPE_BUILDING_STEPS,Basamaklar,,
INTERACTIVE_TYPE_BUILDING_FARMING_PLOT,Tarim arazisi,,
INTERACTIVE_TYPE_BUILDING_RAFT_BASE,Sal Temeli,,
INTERACTIVE_TYPE_BUILDING_RAFT_FLOOR,Sal Zemini,,
INTERACTIVE_TYPE_BUILDING_RAFT_SAIL,Sal Yelkeni,,
INTERACTIVE_TYPE_BUILDING_RAFT_RUDDER,Sal Dumeni,,
INTERACTIVE_TYPE_BUILDING_RAFT_CANOPY,Sal Golgeligi,,
INTERACTIVE_TYPE_BUILDING_RAFT_ANCHOR,Sal Capasi,,
INTERACTIVE_TYPE_BUILDING_RAFT_MOTOR,Sal Motoru,,
INTERACTIVE_TYPE_BUILDING_VEHICLE_GYRO,Kucuk Helikopter,,
INTERACTIVE_TYPE_BUILDING_VEHICLE_GYRO_BASE,Kucuk Helikopter Temeli,,
INTERACTIVE_TYPE_BUILDING_VEHICLE_GYRO_COCKPIT,Kucuk Helikopter Kokpiti,,
INTERACTIVE_TYPE_BUILDING_VEHICLE_GYRO_MOTOR,Kucuk Helikopter Motoru,,
INTERACTIVE_TYPE_BUILDING_VEHICLE_GYRO_ROTORS,Kucuk Helikopter Pervaneleri,,
INTERACTIVE_TYPE_BUILDING_VEHICLE_GYRO_SEAT,Kucuk Helikopter Koltugu,,
INTERACTIVE_TYPE_BUILDING_VEHICLE_GYRO_STRUCTURE,Kucuk Helikopter,,
INTERACTIVE_TYPE_BUILDING_VEHICLE_LIFERAFT,Can Sali,,
INTERACTIVE_TYPE_SCRAP,Hurda,,
INTERACTIVE_TYPE_SCRAP_BUOYANT,Hurda,,
INTERACTIVE_TYPE_STRUCTURE_RAFT,Sal,,
INTERACTIVE_TYPE_CRAFTING_STICK,Cali,,
INTERACTIVE_TYPE_CRAFTING_LOG,Kutuk,,
INTERACTIVE_TYPE_CRAFTING_ROCK,Tas,,
INTERACTIVE_TYPE_CRAFTING_LEAVES,Yapraklar,,
INTERACTIVE_TYPE_CRAFTING_LASHING,Halat,,
INTERACTIVE_TYPE_CRAFTING_CLAY,Kil,,
INTERACTIVE_TYPE_CRAFTING_FIRE,Ates,,
INTERACTIVE_TYPE_CRAFTING_FIRE_PIT,Ates Cukuru,,
INTERACTIVE_TYPE_CRAFTING_FIRE_SPIT,Cevirme Cubugu,,
INTERACTIVE_TYPE_CRAFTING_FIRE_TORCH,Mesale,,
INTERACTIVE_TYPE_CRAFTING_PALM_FROND,Palmiye Yapragi,,
INTERACTIVE_TYPE_CRAFTING_CLOTH,Bez,,
INTERACTIVE_TYPE_CRAFTING_RAWHIDE,Islenmemis deri,,
INTERACTIVE_TYPE_CRAFTING_LEATHER,Deri,,
INTERACTIVE_TYPE_CRAFTING_ENGINE_PART,Tasit Motoru Parcasi,,
INTERACTIVE_TYPE_CRAFTING_FILTER_PART,Tasit Filtresi Parcasi,,
INTERACTIVE_TYPE_CRAFTING_ELECTRICAL_PART,Tasit Elektronik Parcasi,,
INTERACTIVE_TYPE_CRAFTING_FUEL_PART,Tasit Deposu Parcasi,,
INTERACTIVE_TYPE_CRAFTING_GYRO_PART,Kucuk Helikopter Parcasi,,
INTERACTIVE_TYPE_CRAFTING_FUEL_STILL,Yakit Damitici,,
INTERACTIVE_TYPE_CRAFTING_FUEL_STILL_COLLECTOR,Yakit Damitici Haznesi,,
INTERACTIVE_TYPE_CRAFTING_WATER_STILL,Su Damitici,,
INTERACTIVE_TYPE_CRAFTING_WATER_STILL_COLLECTOR,Su Damitici Haznesi,,
INTERACTIVE_TYPE_CRAFTING_HOBO_STOVE,Evsiz Sobasi,,
INTERACTIVE_TYPE_CRAFTING_SMOKER,Fume Pisirici,,
INTERACTIVE_TYPE_CRAFTING_BED,Uyku Mati,,
INTERACTIVE_TYPE_CRAFTING_BED_SHELTER,Siginak,,
INTERACTIVE_TYPE_CRAFTING_TRAP_FISH,Balik Tuzagi,,
INTERACTIVE_TYPE_CRAFTING_TRAP_BIRD,Kus Kapani,,
INTERACTIVE_TYPE_STATION_LOOM,Tezgah,,
INTERACTIVE_TYPE_STATION_TANNING_RACK,Tabaklama Askisi,,
INTERACTIVE_TYPE_STATION_BRICK,Tuglalik,,
INTERACTIVE_TYPE_STATION_FURNACE,Firin,,
INTERACTIVE_TYPE_STATION_PLANK,Odunluk,,
INTERACTIVE_TYPE_HOOK,Kanca,,
INTERACTIVE_TYPE_SHELF,Raf,,
INTERACTIVE_TYPE_CHAIR,Sandalye,,
INTERACTIVE_TYPE_TABLE,Masa,,
INTERACTIVE_TYPE_FOOD_COCONUT_GREEN,Hindistan Cevizi,,
INTERACTIVE_TYPE_FOOD_COCONUT_DRINKABLE,Icilebilir Hindistan Cevizi,,
INTERACTIVE_TYPE_FOOD_COCONUT_HALF,Yarim Hindistan Cevizi,,
INTERACTIVE_TYPE_FOOD_COCONUT_FLASK,Hindistan Cevizi Matara,,
INTERACTIVE_TYPE_FOOD_CAN_BEANS,Erzak,,
INTERACTIVE_TYPE_FOOD_POTATO,Patates,,
INTERACTIVE_TYPE_FOOD_WATER_BOTTLE,Su Sisesi,,
INTERACTIVE_TYPE_FOOD_WATER_SKIN,Kirba (Su Kabi),,
INTERACTIVE_TYPE_FOOD_MEAT,Eti,,
INTERACTIVE_TYPE_FOOD_FRUIT,Meyvesi,,
INTERACTIVE_TYPE_TREES_TREE,Agaci,,
INTERACTIVE_TYPE_TREES_SAPLING,Fidani,,
INTERACTIVE_TYPE_TREES_BUSH,Calilik,,
INTERACTIVE_TYPE_MEDICAL_BANDAGE,Bandaj,,
INTERACTIVE_TYPE_MEDICAL_AJUGA,Mayasil Otu,,
INTERACTIVE_TYPE_MEDICAL_BREATH_BOOST,Nefes Artirici,,
INTERACTIVE_TYPE_MEDICAL_REPELLENT,Kopekbaligi Savar,,
INTERACTIVE_TYPE_MEDICAL_WAVULAVULA,Wavulavula Cicegi,,
INTERACTIVE_TYPE_MEDICAL_ALOE,Aloe Vera Cicegi,,
INTERACTIVE_TYPE_MEDICAL_ALOE_SALVE,Aloe Vera Merhemi,,
INTERACTIVE_TYPE_MEDICAL_GAUZE,Gazli Bez,,
INTERACTIVE_TYPE_MEDICAL_ANTIDOTE,Panzehir,,
INTERACTIVE_TYPE_MEDICAL_PIPI,Pipi Bitkisi,,
INTERACTIVE_TYPE_MEDICAL_SPLINT,Atel,,
INTERACTIVE_TYPE_MEDICAL_SUNSCREEN,Sunscreen,,
INTERACTIVE_TYPE_TOOLS_STONE_TOOL,Tas Alet,,
INTERACTIVE_TYPE_TOOLS_KNIFE,Bicak,,
INTERACTIVE_TYPE_TOOLS_AXE,Balta,,
INTERACTIVE_TYPE_TOOLS_HAMMER,Cekic,,
INTERACTIVE_TYPE_TOOLS_SPEAR,Mizrak,,
INTERACTIVE_TYPE_TOOLS_FISHING_SPEAR,Balik Mizragi,,
INTERACTIVE_TYPE_TOOLS_HOE,Capa,,
INTERACTIVE_TYPE_TOOLS_BOW,Yay,,
INTERACTIVE_TYPE_TOOLS_ARROW,Ok,,
INTERACTIVE_TYPE_TOOLS_SPEARGUN,Zipkin,,
INTERACTIVE_TYPE_TOOLS_SPEARGUN_ARROW,Zipkin Ok,,
INTERACTIVE_TYPE_TOOLS_MACHETE,Pala,,
INTERACTIVE_TYPE_TOOLS_TORCH,Fener,,
INTERACTIVE_TYPE_TOOLS_LANTERN,Lamba,,
INTERACTIVE_TYPE_TOOLS_GUN,Tabanca,,Generic term for firearm.
INTERACTIVE_TYPE_TOOLS_DUCTTAPE,Koli Bandi,,
INTERACTIVE_TYPE_TOOLS_COMPASS,Pusula,,
INTERACTIVE_TYPE_TOOLS_PADDLE,Kurek,,
INTERACTIVE_TYPE_TOOLS_FISHINGROD,Balik Oltasi,,
INTERACTIVE_TYPE_TOOLS_LABEL_MAKER,Etiketleyici,,
INTERACTIVE_TYPE_TOOLS_KINDLING,Cira,,
INTERACTIVE_TYPE_TOOLS_AIR_TANK,Hava Tupu,,
INTERACTIVE_TYPE_TOOLS_JERRYCAN,Bidon,,
INTERACTIVE_TYPE_TOOLS_PICK,Kazma,,
INTERACTIVE_TYPE_TOOLS_BOBBER,Olta Samandirasi,,
INTERACTIVE_TYPE_TOOLS_SPYGLASS,Kucuk Durbun,,
INTERACTIVE_TYPE_TOOLS_FLASHLIGHT,El feneri,,
INTERACTIVE_TYPE_ANIMALS_SEAGULL,Marti,,
INTERACTIVE_TYPE_ANIMALS_BAT,Yarasa,,
INTERACTIVE_TYPE_ANIMALS_FISH,Baligi,,
INTERACTIVE_TYPE_ANIMALS_CRAB,Yengec,,
INTERACTIVE_TYPE_ANIMALS_STINGRAY,Vatoz,,
INTERACTIVE_TYPE_ANIMALS_SHARK,Kopek Baligi,,
INTERACTIVE_TYPE_ANIMALS_BOAR,Yaban Domuzu,,
INTERACTIVE_TYPE_ANIMALS_HOG,Douz,,
INTERACTIVE_TYPE_ANIMALS_SNAKE,Yilan,,
INTERACTIVE_TYPE_ANIMALS_URCHIN,Deniz Kestanesi,,
INTERACTIVE_TYPE_EASTEREGG_WOLLIE,Wollie,,
INTERACTIVE_TYPE_EASTEREGG_DEADEX,Gizemli Kutu,,
INTERACTIVE_TYPE_EASTEREGG_RUBBER_DUCK,Plastik Ordek,,
INTERACTIVE_TYPE_TROPHY,Kupa,,
INTERACTIVE_TYPE_BOSS_EEL,Abaia,,
INTERACTIVE_TYPE_BOSS_MEGALODON,Megalodon,,
INTERACTIVE_TYPE_BOSS_SQUID,Lusca,,
INTERACTIVE_TYPE_AIRCRAFT_ENGINE_PART,Ucak Motoru Parcasi,,
INTERACTIVE_TYPE_AIRCRAFT_RUDDER_PART,Ucak Kanadi Parcasi,,
INTERACTIVE_TYPE_AIRCRAFT_PROPELLER_PART,Ucak Pervanesi Parcasi,,
,,,
# Item Descriptions,,,
ANIMALS_BAT_DESC,,,
ANIMALS_SEAGULL_DESC,,,
ANIMALS_CRAB_DESC,Kucuk bir erkek yengec.,,
ANIMALS_ARCHER_DESC,Orta boy bir balik.,,
ANIMALS_CLOWN_DESC,Orta boy bir balik.,,
ANIMALS_COD_DESC,Buyukce bir balik.,,
ANIMALS_DISCUS_DESC,Kucuk bir balik.,,
ANIMALS_GROUPER_RAGDOLL_DESC,Buyukce bir balik.,,
ANIMALS_LIONFISH_DESC,Bunu tutmam hic iyi olmadi...,,
ANIMALS_PILCHARD_DESC,Kucuk bir balik.,,
ANIMALS_SARDINE_DESC,Kucuk bir balik.,,
BUILDING_BRICKS_DESC,Ham kil tuglalar.\nUretim veya insa amacli kullanilabilir.,,
BUILDING_BUOYBALL_DESC,Degerlendirilebilir samandira topu.\nSal yapiminda kullanilabilir.,,
BUILDING_SCRAP_CORRUGATED_DESC,Kivrimli metal hurda.\nUretim veya insa amacli kullanilabilir.,,
BUILDING_SCRAP_PLANK_DESC,Bir dizi metal plaka.\nUretim veya insa amacli kullanilabilir.,,
BUILDING_TYRE_DESC,Lastikler.\nSal yapiminda kullanilabilir.,,
CONTAINERS_CRATE_DESC,,,
CRAFTING_BED_DESC,,,
CRAFTING_CLAY_DESC,Bir topak kil.,,
CRAFTING_CLOTH_DESC,Bir rulo kumas.,,
CRAFTING_DRIFTWOOD_STICK_DESC,Bir cali.,,
CRAFTING_FIRE_TORCH_DESC,,,
CRAFTING_KINDLING_DESC,Ates yakmak icin kullanilan cali ve dal birikintisi.,,
CRAFTING_LEATHER_DESC,Deri, islenmis araclar ve gelismis urunler uretmek icin kullanilir.,,
CRAFTING_LEAVES_FIBROUS_DESC,Bunlardan biraz daha olsa bir ip yapilabilirdi...,,
CRAFTING_PALM_FROND_DESC,Palmiye yapragi.\nUretim ve insa icin kullanisli.,,
CRAFTING_PART_ELECTRICAL_DESC,Motor icin elektronik parca.,,
CRAFTING_PART_ENGINE_DESC,Bir motor,,
CRAFTING_PART_FILTER_DESC,Bir filtre.,,
CRAFTING_PART_FUEL_DESC,Bir yakit pompasi.,,
CRAFTING_PART_GYRO_DESC,Ucan bir makineden bir parca.,,
CRAFTING_RAWHIDE_DESC,Kopekbaligi veya yabandomuzundan elde edilmis ham deri.\nTabaklama askisinda deri uretilebilir.,,
CRAFTING_ROCK_DESC,Buyuk bir tas.,,
CRAFTING_ROPE_COIL_DESC,Islenmemis bir halat.\nUretim veya insa icin kullanilabilir.,,
CRAFTING_STICK_DESC,Bir cali.,,
CRAFTING_STONE_TOOL_DESC,Kucuk bir kaya parcasi.\nBaska care yoksa kesici alet olarak kullanilabilir.,,
EASTEREGG_WOLLIE_DESC,Gulumseyen bir voleybol topu.,,
EASTEREGG_DEADEX_DESC,Gizemli bir paket.,,
AIRCRAFT_ENGINE_PART_DESC,Bu ise yarayabilir...,,
AIRCRAFT_PROPELLER_PART_DESC,Bu ise yarayabilir...,,
AIRCRAFT_RUDDER_PART_DESC,Bu ise yarayabilir...,,
FARMING_AJUGA_DESC,Nefes Artirici uretmek icin kullanilabilir.,,
FARMING_ALOE_VERA_FRUIT_DESC,Aloe Vera bitkisi gunes yaniginin etkisini azaltmak icin vucuda uygulanabilir.,,
FARMING_HOE_DESC,,,
FARMING_KURA_FRUIT_DESC,,,
FARMING_PIPI_DESC,Pipi bitkisi.\nPanzehir uretmek icin kullanilabilir.,,
FARMING_POTATO_DESC,Patates.\nTarim arazisinde patates yetistirmek icin kullanilabilir.,,
FARMING_QUWAWA_DESC,,,
FARMING_WAVULAVULA_DESC,,,
FARMING_YUCCA_CUTTING_DESC,Kesilmis Yuka agaci.\nTarim arazisinde Yuka yetistirmek icin kullanilabilir.,,
FOOD_CAN_BEANS_DESC,Bir kutu acil yiyecek ve su erzagi.,,
FOOD_COCONUT_DESC,Bir hindistan cevizi.\nBunu bir matara yapabilir ya da yerde keserek icini acabilirim.,,
FOOD_COCONUT_DRINKABLE_DESC,Kabugu soyulmus hindistan cevizi.\nIyi bir su kaynagi.\nSusuzlugu giderebilir veya parcalara ayrilabilir.,,
FOOD_COCONUT_FLASK_DESC,Kabugu soyulmus bir hindistan cevizi.,,
FOOD_COCONUT_HALF_DESC,Bir parca hindistan cevizi.,,
FOOD_MEAT_LARGE_DESC,,,
FOOD_MEAT_MEDIUM_DESC,,,
FOOD_MEAT_SMALL_DESC,,,
FOOD_WATER_BOTTLE_DESC,Kilden yapilmis buyuk bir su sisesi.,,
FOOD_WATER_SKIN_DESC,Deriden yapilmis orta boy bir su sisesi.,,
MEDICAL_BANDAGE_DESC,Bir rulo bandaj.\nKanamayi durdurmaya yarar.,,
MEDICAL_ALOE_SALVE_DESC,Bir Aloe Vera bitkisi.\nDogal gunes kremi olarak gunes yaniklarindan korunmada faydalidir.,,
MEDICAL_ANTIDOTE_DESC,Zehirlenmeyi gecirmek icin kullanilan dogal panzehir.,,
MEDICAL_BREATH_BOOST_DESC,Kalp atisini yavaslatir ve nefes tutma suresini 3 kat artirir.,,
MEDICAL_GAUZE_DESC,Kanamayi durdurmak icin dogal gazli bez.,,
MEDICAL_REPELLENT_DESC,12 saat sure ile kopekbaliklarini uzak tutar.,,
MEDICAL_SPLINT_DESC,Ilkel bir atel.\nKirik kemikleri iyilestirmeye yarar.,,
MISSION_TROPHY_EEL_DESC,,,
MISSION_TROPHY_SHARK_DESC,,,
MISSION_TROPHY_SQUID_DESC,,,
TOOLS_BOBBER_DESC,Bir miktar balikcilik ekipmani.\nOltayla balik tutmada ise yarar.,,
TOOLS_COMPASS_DESC,Bir pusula.\nAdalar arasinda gezinirken ise yarar.,,
TOOLS_DUCTTAPE_DESC,,,
TOOLS_FISHING_ROD_DESC,Ilkel bir balik oltasi.\nSamandirayla balik tutarken ise yarar.,,
TOOLS_FLARE_GUN_DESC,Bir isaret fisegi.,,
TOOLS_FUEL_CAN_DESC,Metal bir yakit bidonu.\nMotor deposu doldururken ise yarar.,,
TOOLS_LABELMAKER_DESC,Bir etiketleyici.\nBir seyleri etiketlerken ise yarar.,,
TOOLS_LANTERN_DESC,Kullanisli bir gunes enerjili lamba.\nMuhtemelen sonsuza dek yanacak...,,
TOOLS_MACHETTE_DESC,Dayanikli ve guclu bir kesici alet.\nAgac keserken ise yarar.,,
TOOLS_AIRTANK_DESC,Oksijen dolu bir tank.A.\nDerin dalislarda ise yarar.,,
TOOLS_ARROW_DESC,,,
TOOLS_CRUDE_AXE_DESC,Ilkel ve dayaniksiz bir kesici alet.\nAgaclari kesmeye yarar.,,
TOOLS_CRUDE_BOW_DESC,Ilkel bir avlanma araci.,,
TOOLS_CRUDE_HAMMER_DESC,Ilkel ve dayaniksiz bir insaat aleti.\nInsaat islerinde gereklidir.,,
TOOLS_CRUDE_SPEAR_DESC,Ilkel ve dayaniksiz bir avlanma araci.\nAvlanirken ise yarar.,,
TOOLS_FISHING_SPEAR_DESC,Islenmis ve dayanikli bir avlanma araci.\nAvlanirken ise yarar.,,
TOOLS_REFINED_AXE_DESC,Islenmis ve dayanikli bir kesici alet.\nAgaclari kesmeye yarar.,,
TOOLS_REFINED_HAMMER_DESC,Islenmis ve dayanikli bir insaat aleti.\nInsaat islerinde gereklidir.,,
TOOLS_REFINED_KNIFE_DESC,Islenmis ve dayanikli bir kesici alet.\nBitki hasadinda ve genel hasarlarda faydalidir.,,
TOOLS_REFINED_PICK_DESC,Islenmis ve dayanikli bir madencilik aleti.\nMadeni kaynaklari toplarken ise yarar.,,
TOOLS_REFINED_SPEAR_DESC,Islenmis ve dayanikli bir avlanma araci.\nAvlanirken ise yarar.,,
TOOLS_SPEARGUN_DESC,Islenmis bir avlanma aleti.,,
TOOLS_SPEARGUN_ARROW_DESC,,,
TOOLS_PADDLE_DESC,,,
TOOLS_SPYGLASS_DESC,Antika bir kucuk durbun.,,
TOOLS_TORCH_DESC,Mesale.\nKaranlikta onunu gorebilmeye yarar.,,
,,,
# Item Notifications,,,
WATER_STILL_COLLECTOR_NTF_EMPTY_DESC,Bu damitici bos!,,
WATER_STILL_COLLECTOR_NTF_FULL_DESC,Daha fazla su tutulamiyor.,,
ANCHOR_NTF_CANT_DROP_HERE_DESC,Buraya capa atamam!,,
SEA_ANCHOR_NTF_TOO_SHALLOW_DESC,Burasi capa atmak icin cok sig!,,
CONSTRUCTING_NTF_CANT_DESTROY_WITH_ATTACHED_DESC,Bir seyler tutturulmusken bunu parcalayamam.,,
CONSTRUCTING_NTF_CANT_DESTROY_ANOTHER_DEPENDS_DESC,Bunu parcalayamam. Uretilmis baska bir urun buna bagli.,,
CONSTRUCTING_NTF_CANT_DESTROY_SUPPORTS_BUILDINGS_DESC,Bunu parcalayamam. Uretilmis baska bir urun buna bagli.,,
CONSTRUCTING_NTF_CANT_DESTROY_SUPPORTS_DOOR_DESC,Bunu parcalayamam. Bu bir kapiyi destekliyor.,,
CONSTRUCTING_NTF_CANT_BUILD_TOO_CLOSE_DESC,Burada insa edemem. Burasi baska bir yapiya cok yakin.,,
CONSTRUCTING_NTF_CANT_BUILD_IN_WAY_DESC,Burada insa edemem. Yol uzerinde bir seyler var!,,
HOTKEYS_NTF_NEW_SLOTS_UNLOCKED_DESC,Yeni kisayol boslugu acildi!,,
ITEM_NTF_LOST_AT_SEA_DESC,Salin denizde kayboldu!,,
TRAP_BIRD_NTF_CAUGHT_BIRD_DESC,Bir {0} yakalandi!,,
TRAP_FISH_NTF_CAUGHT_FISH_DESC,Bir {0} yakalandi!,,
TRAP_FISH_NTF_CANT_SET_HERE_DESC,Buraya tuzak kurulamiyor.,,
BED_NTF_CANT_SLEEP_APART_DESC,Kaydetmek icin tum oyuncular birbirine yakin olmalidir.,,
BED_NTF_CANT_SLEEP_DESC,Kisa sure icinde tekrar uyuyamazsin.,,
BED_NTF_CANT_SLEEP_NIGHT,Yalnizca geceleri uyuyabilirsin.,,
BED_NTF_CANT_SLEEP_UNDERWATER_DESC,Su altinda uyuyamazsin!,,
BED_NTF_CANT_SAVE_DESC,Burada kaydedemezsin!,,
BED_NTF_SAVED_DESC,Oyun kaydedildi.,,
FISHING_ROD_NTF_FISH_GOT_AWAY_DESC,Balik kacti!,,
FISHING_ROD_NTF_LINE_SNAPPED_DESC,Ip koptu!,,
FISHING_ROD_NTF_CAUGHT_FISH_DESC,Bir {0} yakalandi!,,
FIRE_LIGHTER_NTF_OUT_OF_FUEL_DESC,Kamp atesinin yakiti kalmadi.,,
FIRE_LIGHTER_NTF_PRESS_TO_LIGHT,[PLATFORM] ve [PLATFORM] tuslarina ust uste basarak ates yakabilirsin.,,
SKINNER_NTF_NO_ROOM_FOR_REWARD,Sirt Cantasinda {0} icin bos yer yok!,,
,,,
LABELMAKER_DB_TITLE,Etiketleyici,,
,,,
BED_DB_SLEEP_TITLE,Uyu,,
BED_DB_SLEEP_SAVE_DESC,Uyumak ya da kaydetmek istiyor musun?,,
BED_DB_BUTTON_SLEEP,Uyu,,
BED_DB_BUTTON_SAVE,Kaydet,TEXT_SAVE,
BED_DB_BUTTON_CANCEL,Iptal,BUTTON_CANCEL,
BED_DB_SAVE_TITLE,Kaydet,TEXT_SAVE,
BED_DB_SAVE_DESC,Kaydetmek istiyor musun?,,
,,,
# Item Display Names,Display names for items that don't have CraftingTypes.,,
ITEM_DISPLAY_NAME_TOOL_BELT,Alet Kemeri,,
ITEM_DISPLAY_NAME_TOOL_BELT_POUCH_1,Alet Kemeri Kesesi 1,,
ITEM_DISPLAY_NAME_TOOL_BELT_POUCH_2,Alet Kemeri Kesesi 2,,
ITEM_DISPLAY_NAME_TOOL_BELT_POUCH_3,Alet Kemeri Kesesi 3,,
ITEM_DISPLAY_NAME_RAFT_STORAGE,Sal Deposu,,Storage container available on raft.
ITEM_DISPLAY_NAME_RAFT_SEA_ANCHOR,Capa,,
FISH_GROUP_DISPLAY_NAME_ARCHER,Kemer Baligi,,
FISH_GROUP_DISPLAY_NAME_CLOWN,Palyaco Baligi,,
FISH_GROUP_DISPLAY_NAME_COD,Morina Baligi,,
FISH_GROUP_DISPLAY_NAME_DISCUS,Diskus Baligi,,
FISH_GROUP_DISPLAY_NAME_LIONFISH,Aslan Baligi,,
FISH_GROUP_DISPLAY_NAME_SARDINE,Sardalya Baligi,,
FISH_GROUP_DISPLAY_NAME_GIANT_GROUPER,Dev Orfoz Baligi,,
,,,
ITEM_DISPLAY_NAME_PREFIX_EMPTY,Bos,,
ITEM_DISPLAY_NAME_PREFIX_COOKED,Pismis,,
ITEM_DISPLAY_NAME_PREFIX_SMOKED,Fumelenmis,,
ITEM_DISPLAY_NAME_PREFIX_SPOILED,Bozulmus,,
,,,
ITEM_DISPLAY_CLASSIFICATION_TOOL,Arac,,
ITEM_DISPLAY_CLASSIFICATION_CRAFTABLE,Uretilebilir,,
ITEM_DISPLAY_CLASSIFICATION_MEDICAL,Tibbi,,
ITEM_DISPLAY_CLASSIFICATION_FOOD,Gida,,
ITEM_DISPLAY_CLASSIFICATION_AWESOME,Harika,,
,,,
ITEM_DISPLAY_HEALTH_LABEL,{0:0.0%} Saglik,,
ITEM_DISPLAY_HEALTH_INVINCIBLE_LABEL,Gorunmez,,
ITEM_DISPLAY_HEALTH_SERVINGS_LABEL,{0:F0} Porsiyon,,Food servings.
ITEM_DISPLAY_HEALTH_FUEL_LABEL,{0:0.0%} Yakit,,Fuel can
ITEM_DISPLAY_HEALTH_DOSE_LABEL,{0:F0} Doz,,"Medical item remaining uses (singular) ""1 Dose"""
ITEM_DISPLAY_HEALTH_DOSES_LABEL,{0:F0} Doz,,"Medical item remaining uses (multiple) ""3 Doses"""
ITEM_DISPLAY_DURABILITY_LABEL,{0:0.0%} Dayaniklilik,,
,,,
ITEM_MEAT_PROVENANCE_OTHER,Diger,,
ITEM_MEAT_PROVENANCE_FISH,Balik,,
ITEM_MEAT_PROVENANCE_CRAB,Yengec,,
ITEM_MEAT_PROVENANCE_BOAR,Domuz,,
ITEM_MEAT_PROVENANCE_SNAKE,Yilan,,
ITEM_MEAT_PROVENANCE_SEAGULL,Marti,,
ITEM_MEAT_PROVENANCE_BAT,Yarasa,,
,,,
# Actions,,,
PLAYER_ACTION_SENTENCE,{0} [PLATFORM] {1} {2},,0 = Action, PLATFORM = Key, 1 =  Preposition, 2 = Result, eg: (0)Press (PLATFORM)Key (1)To (2)Drop
PLAYER_ACTION_PREPOSITION,icin,,
PLAYER_ACTION_PRESS,tusuna bas,,
PLAYER_ACTION_HOLD,tusuna basili tut,,
PLAYER_ACTION_CLICK,tusuna tikla,,
PLAYER_ACTION_PICK_UP,Almak,,
PLAYER_ACTION_DROP,Birakmak,,
PLAYER_ACTION_CLIMB,Tirmanmak,,
PLAYER_ACTION_CONTINUE,Devam etmek,,
,,,
ITEM_INTERACTION_DESCRIPTION_INTERACT,Etkilesim,,
ITEM_INTERACTION_DESCRIPTION_SLEEP_SAVE,Uyumak / Kaydetmek,,
ITEM_INTERACTION_DESCRIPTION_OPEN,Acmak,,
ITEM_INTERACTION_DESCRIPTION_CLOSE,Kapat,,
ITEM_INTERACTION_DESCRIPTION_CLEAR,Temizle,,Clearing a farming plot, removing dead plant.
ITEM_INTERACTION_DESCRIPTION_WATER,Sulamak,,
ITEM_INTERACTION_DESCRIPTION_PLANT,Bitki,,
ITEM_INTERACTION_DESCRIPTION_TURN_ON,Acmak,,
ITEM_INTERACTION_DESCRIPTION_TURN_OFF,Kapatmak,,
ITEM_INTERACTION_DESCRIPTION_STOP_RIDING,Surmeyi Birakmak,,Riding a vehicle as a passenger.
ITEM_INTERACTION_DESCRIPTION_RIDE_ALONG,Binmek,,Riding a vehicle as a passenger.
ITEM_INTERACTION_DESCRIPTION_OPERATE,Surmek,,Operate a vehicle.
ITEM_INTERACTION_DESCRIPTION_REVIVE,Canlandirmak,,
ITEM_INTERACTION_DESCRIPTION_EXTINGUISH,Sondurmek,,
ITEM_INTERACTION_DESCRIPTION_COLLECT,Toplamak,,
ITEM_INTERACTION_DESCRIPTION_DISMANTLE,Dagitmak,,
ITEM_INTERACTION_DESCRIPTION_SET,Ayarlamak,,As in set a trap.
ITEM_INTERACTION_DESCRIPTION_DRINK,Icmek,,
ITEM_INTERACTION_DESCRIPTION_REFILL,Doldurmak,,
ITEM_INTERACTION_DESCRIPTION_DROP,Birakmak,,
ITEM_INTERACTION_DESCRIPTION_ATTACH,Tutturmak,,
ITEM_INTERACTION_DESCRIPTION_DETACH,Ayirmak,,
ITEM_INTERACTION_DESCRIPTION_ADD_MASH,Pure Eklemek,,Fuel Still
ITEM_INTERACTION_DESCRIPTION_ADD_FIBRE,Lif Eklemek,,Water Still
ITEM_INTERACTION_DESCRIPTION_LOWER,Alcaltmak,,
ITEM_INTERACTION_DESCRIPTION_RAISE,Yukseltmek,,
ITEM_INTERACTION_DESCRIPTION_LIGHT,Yakmak,,
ITEM_INTERACTION_DESCRIPTION_SKIN,Yuzmek,,
ITEM_INTERACTION_DESCRIPTION_IGNITE,Tutusturmak,,
ITEM_INTERACTION_DESCRIPTION_START_ENGINE,Motoru Calistirmak,,
ITEM_INTERACTION_DESCRIPTION_STOP_ENGINE,Motoru Durdurmak,,
ITEM_INTERACTION_DESCRIPTION_REFUEL,Yakit doldurmak,,
ITEM_INTERACTION_DESCRIPTION_RETRIEVE,Geri Cekmek,,This only refers to an anchor atm.
ITEM_INTERACTION_DESCRIPTION_DEPLOY,Salmak,,This only refers to an anchor atm.
,,,
ITEM_USING_DESCRIPTION_USE,Kullanmak,,
,,,
# Intro,,,
INTRO_OBJECTIVE_GET_TO_LIFERAFT_DESC,Yuzeydeki Can Sali'na ulas!,,Surface of the ocean.
,,,
# Tutorial,,,
TUTORIAL_OBJECTIVE_1_DESC,Kurek almak icin [PLATFORM] tusuna bas.,,
TUTORIAL_OBJECTIVE_2_DESC,Can Salinda bulunan Kurek ile Can Salini hareket ettir.,,
TUTORIAL_OBJECTIVE_3_DESC,Kiyiya ulas.,,
TUTORIAL_OBJECTIVE_4_DESC,[PLATFORM] tusuna basili tutarak sali kiyiya surukle.,,
TUTORIAL_OBJECTIVE_5_DESC,Ada cevresinde bulabilecegin kaynaklari topla,,
TUTORIAL_OBJECTIVE_6_DESC,Envanterini acmak icin [PLATFORM] tusuna bas,,
TUTORIAL_OBJECTIVE_7_DESC,Uretim menusunu acmak icin [PLATFORM] tusuna bas.,,
TUTORIAL_OBJECTIVE_8_DESC,Uretim menusunden bir Tas Alet uret.,,
TUTORIAL_OBJECTIVE_9_DESC,Uretim menusunden Islenmis Bicak tarifine bak.,,
TUTORIAL_OBJECTIVE_10_DESC,[PLATFORM] tusuna basarak baktigin Islenmis Bicak tarifini sabitle.,,
TUTORIAL_OBJECTIVE_11_DESC,Islenmis bicak uret.,,
TUTORIAL_OBJECTIVE_12_DESC,[PLATFORM] tusuna basili tutarak kol saatine bak.,,
TUTORIAL_OBJECTIVE_13_DESC,[PLATFORM] tusuna basarak saat modlari arasinda gecis yap,,
TUTORIAL_OBJECTIVE_14_DESC,Bir yengec avla. Bu arada comelmek icin [PLATFORM] tusuna basabilirsin ,,
TUTORIAL_OBJECTIVE_15_DESC,Islenmis Bicak kullanarak yengeci yuz.,,
TUTORIAL_OBJECTIVE_16_DESC,Bir kamp atesi uret.,,
TUTORIAL_OBJECTIVE_17_DESC,Cira uret,,
TUTORIAL_OBJECTIVE_18_DESC,Cirayi kullanarak kamp atesini yak.,,
TUTORIAL_OBJECTIVE_19_DESC,Yengec etini kamp atesine tutturarak pisir.,,
TUTORIAL_OBJECTIVE_20_DESC,[PLATFORM] tusuna basili tutarak agaca cikip bir hindistan cevizi al.,,
TUTORIAL_OBJECTIVE_21_DESC,Hindistan cevizinin icini acmak icin islenmis bicakla cevize vur.,,
TUTORIAL_OBJECTIVE_22_DESC,Hindistan cevizini elinde tutarken [PLATFORM] tusuna basili tutarak suyunu icebilirsin,,
TUTORIAL_OBJECTIVE_23_DESC,Baltayla bir palmiye agacini kes ve dallarini palmiye yapraklarina cevir.,,
TUTORIAL_OBJECTIVE_24_DESC,Uyumak ve ilerlemeni kaydetmek icin bir siginak uret.,,
TUTORIAL_OBJECTIVE_25_DESC,Bir su damitici uret.,,
TUTORIAL_OBJECTIVE_26_DESC,Su damiticisni palmiye yapraklari veya lifli yapraklarla doldur.,,
TUTORIAL_OBJECTIVE_27_DESC,Su damiticisindan suyu al veya ic.,,
TUTORIAL_OBJECTIVE_28_DESC,Bir cekic uret.,,
TUTORIAL_OBJECTIVE_29_DESC,Odundan bir temel uret.,,
,,,
TUTORIAL_SEQUENCE_1_TITLE,Kiyiya git.,,
TUTORIAL_SEQUENCE_2_TITLE,Esyalar ve objeler suruklenebilir.,,
TUTORIAL_SEQUENCE_3_TITLE,Kaynaklari Topla,,
TUTORIAL_SEQUENCE_4_TITLE,Bir Tas Alet uret.,,
TUTORIAL_SEQUENCE_5_TITLE,Bir Islenmis Bicak uret.,,
TUTORIAL_SEQUENCE_6_TITLE,Kol saatini kontrol et,,
TUTORIAL_SEQUENCE_7_TITLE,Kol saatin 3 ayri modda mevcut istatistiklerini, yeteneklerini ve kondisyonunu gosterir.,,
TUTORIAL_SEQUENCE_8_TITLE,Bir Yengec avla.,,
TUTORIAL_SEQUENCE_9_TITLE,Yemek Pisirme,,
TUTORIAL_SEQUENCE_10_TITLE,Kamp atesleri sondurulebilir ve calilar, yapraklar ve lifli yapraklarla yeniden doldurulabilir.,,
TUTORIAL_SEQUENCE_11_TITLE,Bir Hindistan Cevizi ic,,
TUTORIAL_SEQUENCE_12_TITLE,Bir Siginak uret,,
TUTORIAL_SEQUENCE_13_TITLE,Suyu al,,
TUTORIAL_SEQUENCE_14_TITLE,Yapi,,
TUTORIAL_SEQUENCE_15_TITLE,Temele cekicle vurarak insa et.,,
TUTORIAL_SEQUENCE_16_TITLE,Egitim tamamlandi! Okyanustaki adalarda ve batmis gemilerdeki kaynaklari kesfetmek hayatta kalmana yardimci olabilir!,,
,,,
# Achievements,,,
# Achievements Prefix,ACHIEVEMENT_,,
ACHIEVEMENT_NTF_MISSED_ACHIEVEMENT_TITLE,Kayıp Başarı!,,
ACHIEVEMENT_NTF_MISSED_ACHIEVEMENT_DESC,{0}' basarisi ozel adada verilemez.,,
ACHIEVEMENT_HORRIFIC_PACIFIC,Korkunc Pasifik,,
ACHIEVEMENT_BACKPACKER,Sirt Cantali Gezgin,,
ACHIEVEMENT_BACK_TO_THE_STONE_AGE,Tas Devrine Donus,,
ACHIEVEMENT_LOOK_WHAT_I_HAVE_CREATED,Bak Ne Yaptim,,
ACHIEVEMENT_KNIFE_SKILLS,Bicak Becerileri,,
ACHIEVEMENT_CRABBY_PATTY,Crabby Boregi,,
ACHIEVEMENT_FISHING_SEASON_IS_OPEN,Balik Sezonu Acildi,,
ACHIEVEMENT_ISLAND_HOPPER,Hopper Adasi,,
ACHIEVEMENT_DAY_10,10. Gun,,
ACHIEVEMENT_HERMIT,Kesis,,
ACHIEVEMENT_VEGETARIAN,Vejeteryan,,
ACHIEVEMENT_HUNTER_OF_THE_HIGH_SEAS,Acik Deniz Avcisi,,
ACHIEVEMENT_NEW_THREADS,Yeni Konular,,
ACHIEVEMENT_FISH_ARE_FRIENDS,Baliklar Arkadastir,,
ACHIEVEMENT_THE_SEAS_HARVEST,Deniz Hasadi,,
ACHIEVEMENT_MOVING_UP,Harekete Gec,,
ACHIEVEMENT_GREEN_THUMB,Cicek Yetistiricisi,,
ACHIEVEMENT_HORTICULTURALIST,Bahcivan,,
ACHIEVEMENT_ANOTHER_DAY_ANOTHER_SHORE,Baska Gun, Baska Sahil,,
ACHIEVEMENT_WORKING_WITH_MY_HANDS,Ellerimle Calismak,,
ACHIEVEMENT_UNCHAINED_MELODY,Zincirlenmis Melodi,,
ACHIEVEMENT_DAY_20,20. Gun,,
ACHIEVEMENT_POWAH,Powah,,
ACHIEVEMENT_NOMAD,Nomad,,
ACHIEVEMENT_DA_VINCI,Da Vinci,,
ACHIEVEMENT_CALL_ME_AHAB,Ahab Beni Ara,,
ACHIEVEMENT_COLUMBUS,Columbus,,
ACHIEVEMENT_LEAN_MEAN_CRAFTING_MACHINE,Yagsiz Asagilik Uretim Makinesi,,
ACHIEVEMENT_INDUSTRIAL_FASHION,Endustriyel Moda,,
ACHIEVEMENT_ARCHAEOLOGIST,Arkeolog,,
ACHIEVEMENT_SPECIAL_PACKAGE,Ozel Paket,,
ACHIEVEMENT_GOTTA_CRAFT_EM_ALL,Hepsini Hazirlamaliyim,,
ACHIEVEMENT_DAY_50,50. Gun,,
ACHIEVEMENT_DAY_100,100. Gun,,
ACHIEVEMENT_OUT_OF_THE_FRYING_PAN,Kizartma Tavasinin Disinda,,
ACHIEVEMENT_MAGNETS,Miknatislar,,
,,,
# End Game,,,
AIRCRAFT_STATION_DISPLAY_NAME_REPAIR_ENGINE,Motor,,
AIRCRAFT_STATION_DISPLAY_NAME_REPAIR_PROPELLER,Pervane,,
AIRCRAFT_STATION_DISPLAY_NAME_REPAIR_RUDDER,Kanat Pedali,,
AIRCRAFT_STATION_DISPLAY_NAME_AIRCRAFT,Etkilesim,,
AIRCRAFT_STATION_DISPLAY_NAME_FOOD,Yiyecek,,
AIRCRAFT_STATION_DISPLAY_NAME_FUEL,Yakit,,
AIRCRAFT_STATION_DISPLAY_NAME_WATER,Su,,
AIRCRAFT_OBJECTIVE_1,Ucak Motorunu Tamir Et,,
AIRCRAFT_OBJECTIVE_2,Ucak Pervanesini Tamir Et,,
AIRCRAFT_OBJECTIVE_3,Ucak Koltugunu Tamir Et,,
AIRCRAFT_OBJECTIVE_4,Gida Stokla,,
AIRCRAFT_OBJECTIVE_5,Su Stokla,,
AIRCRAFT_OBJECTIVE_6,Yakit Stokla,,
AIRCRAFT_OBJECTIVE_GO_HOME,Eve Git!,,
AIRCRAFT_INTERACTION_DESCRIPTION_GO_HOME,Eve Git,,
AIRCRAFT_FUEL_REFILLER_INTERACTION_DESCRIPTION_REFILL_PLANE,Ucagi Doldur,,
AIRCRAFT_FOOD_REFILLER_INTERACTION_DESCRIPTION_STOCK_FOOD,Yiyecek Stokla,,
AIRCRAFT_WATER_REFILLER_INTERACTION_DESCRIPTION_STOCK_WATER,Su Stokla,,
AIRCRAFT_PART_REFILLER_INTERACTION_DESCRIPTION_FIX,Duzelt,,
AIRCRAFT_DB_GO_HOME_TITLE,Eve Git,,
AIRCRAFT_DB_GO_HOME_DESC,Ayrilmak istediginden emin misin?,,
AIRCRAFT_DB_BUTTON_YES,Evet!,,
AIRCRAFT_DB_BUTTON_SAVE,Kaydet,TEXT_SAVE,
AIRCRAFT_DB_BUTTON_NO_SCARED,Hayir, korkuyorum!,,
AIRCRAFT_COCKPIT_INTERACTION_DESCRIPTION_CHECK_SYSTEMS,Sistemi kontrol et,,
AIRCRAFT_COCKPIT_INTERACTION_DESCRIPTION_START_ENGINE,Motoru Calistir,,
AIRCRAFT_COCKPIT_INTERACTION_DESCRIPTION_CLOSE_COCKPIT,Kokpiti Kapat,,
AIRCRAFT_COCKPIT_INTERACTION_DESCRIPTION_ENGAGE_RAIL,Demire Tutun,,
AIRCRAFT_COCKPIT_INTERACTION_DESCRIPTION_THROTTLE_ENGINE,Motoru Calistir,,
AIRCRAFT_COCKPIT_INTERACTION_DESCRIPTION_LAUNCH,Kalkis,,
AIRCRAFT_NTF_THIS_COULD_BE_MY_ESCAPE,Bu Pasifik'e gidis yolum olabilir...,,
AIRCRAFT_NTF_WAIT_WEATHER_DESC,Havanin daha iyi olmasini beklemeliyim.,,
AIRCRAFT_NTF_EAT_BEFORE_LEAVE_DESC,Gitmeden once bir seyler yemeliyim.,,
AIRCRAFT_NTF_DRINK_BEFORE_LEAVE_DESC,Gitmeden once bir seyler icmeliyim.,,
AIRCRAFT_NTF_FIX_BROKEN_BONES_DESC,Gitmeden once bacaimdaki kirigi iyilestirmeliyim.,,
AIRCRAFT_NTF_FIX_BLEEDING_DESC,Gitmeden once kanamami durdurmaliyim.,,
AIRCRAFT_NTF_CURE_POISON_DESC,Gitmeden once zehirden kurtulmaliyim.,,
AIRCRAFT_TEXT_SCREEN_LABEL_THREE_HOURS_LATER,3 Saat Sonra,,
,,,
,,,
,,,
,,,
,,,
,,,
,,,
,,,
,,,
,,,
,,,
,,,
,,,
,,,
,,,
,,,
,,,
,,,
,,,
,,,
,,,
,,,
,,,
,,,
,,,
,,,
,,,
,,,
,,,
,,,
,,,
,,,
,,,
,,,
,,,
,,,
,,,
,,,
,,,
,,,
,,,
,,,
,,,
,,,
,,,
,,,
,,,
,,,
,,,
,,,
,,,
,,,
,,,
,,,
,,,
,,,
,,,
,,,
,,,
,,,
,,,
,,,
,,,
,,,
,,,
,,,
,,,
,,,
,,,
,,,
,,,
,,,
,,,
,,,
,,,
,,,
,,,
,,,
,,,
,,,
,,,
,,,
,,,
,,,
,,,
,,,
,,,
,,,
,,,
,,,
,,,
,,,
,,,
,,,
,,,
,,,
,,,
,,,
,,,
,,,
,,,
,,,
,,,
,,,
,,,
,,,
,,,
,,,
,,,
,,,
,,,
,,,
,,,
,,,
,,,
,,,
,,,
,,,
,,,
,,,
,,,
,,,
,,,
,,,
,,,
,,,
,,,
,,,
,,,
,,,
,,,
,,,
,,,
,,,
,,,
,,,
,,,
,,,
,,,
,,,
,,,
,,,
,,,
,,,
,,,
,,,
,,,
,,,
,,,
,,,
,,,
,,,
,,,
,,,
,,,
,,,
,,,
,,,
,,,
,,,
,,,
,,,
,,,
,,,
,,,
,,,
,,,
,,,
,,,
,,,
,,,
,,,
,,,
,,,
,,,
,,,
,,,
,,,
,,,
,,,
,,,
,,,
,,,
,,,
,,,
,,,
,,,
,,,
,,,
,,,
,,,
,,,
,,,
,,,
,,,
,,,
,,,
,,,
,,,
,,,
,,,
,,,
,,,
,,,
,,,
,,,
,,,
,,,
,,,
,,,
,,,
,,,
,,,
,,,
,,,
,,,
,,,
,,,
,,,
,,,
,,,
,,,
,,,
,,,
,,,
,,,
,,,
,,,
,,,
,,,
,,,
,,,
,,,
,,,
,,,
,,,
,,,
,,,
,,,
,,,
,,,
,,,
,,,
,,,
,,,
,,,
,,,
,,,
,,,
,,,
,,,
,,,
,,,
,,,
,,,
,,,
,,,
,,,
,,,
,,,
,,,
,,,
,,,
,,,
,,,
,,,
,,,
,,,
,,,
,,,
,,,
,,,
,,,
,,,
,,,
,,,
,,,
,,,
,,,
,,,
,,,
,,,
,,,
,,,
,,,
,,,
,,,
,,,
,,,
,,,
,,,
,,,
,,,
,,,
,,,
,,,
,,,
,,,
,,,
,,,
,,,
,,,
,,,
,,,
,,,
,,,
,,,
,,,
,,,
,,,
,,,
,,,
,,,
,,,
,,,
,,,
,,,
,,,
,,,
,,,
,,,
,,,
,,,
,,,
,,,
,,,
,,,
,,,
,,,
,,,
,,,
,,,
,,,
,,,
,,,
,,,
,,,
,,,
,,,
,,,
,,,
,,,
,,,
,,,
,,,
,,,
,,,
,,,
,,,
,,,
,,,
,,,
,,,
,,,
,,,
,,,
,,,
,,,
,,,
,,,
,,,
,,,
,,,
,,,
,,,
,,,
,,,
,,,
,,,
,,,
,,,
,,,
,,,
,,,
,,,
,,,
,,,
,,,
,,,
,,,
,,,
,,,
,,,
,,,
,,,
,,,
,,,
,,,
,,,
,,,
,,,
,,,
,,,
,,,
,,,
,,,
,,,
